2025-11-19 00:00:03	HK2-Aussentemperatur	0.000000 (0.00 °C)
2025-11-19 00:00:03	HK1-Log	Beginn ChurchTools-Skriptlauf
2025-11-19 00:00:03	HK1-Log	Schaltliste unverändert
2025-11-19 00:00:03	HK1-Log	Ende ChurchTools-Skriptlauf
2025-11-19 00:00:03	HK2-Log	Beginn Schaltskriptlauf
2025-11-19 00:00:03	HK2-Log	Vollständige Raumliste: HKG-Raum-GrSaal+HKG-Raum-Foyer+HKG-Raum-WCs,HKG-Raum-KlSaal+HKG-Raum-Foyer+HKG-Raum-WCs,HKG-Raum-Küche,HKG-Raum-JuHu+HKG-Raum-VorraumKüche+HKG-Raum-Dreiecksraum,HKG-Raum-KiGo
2025-11-19 00:00:03	HK2-Log	Ende Schaltskriptlauf
2025-11-19 00:05:00	HK1-Log	Beginn ChurchTools-Skriptlauf
2025-11-19 00:05:01	HK1-Log	Schaltliste unverändert
2025-11-19 00:05:01	HK1-Log	Ende ChurchTools-Skriptlauf
2025-11-19 00:05:01	HK2-Log	Beginn Schaltskriptlauf
2025-11-19 00:05:01	HK2-Log	Vollständige Raumliste: HKG-Raum-GrSaal+HKG-Raum-Foyer+HKG-Raum-WCs,HKG-Raum-KlSaal+HKG-Raum-Foyer+HKG-Raum-WCs,HKG-Raum-Küche,HKG-Raum-JuHu+HKG-Raum-VorraumKüche+HKG-Raum-Dreiecksraum,HKG-Raum-KiGo
2025-11-19 00:05:01	HK2-Log	Ende Schaltskriptlauf
2025-11-19 00:10:00	HK1-Log	Beginn ChurchTools-Skriptlauf
2025-11-19 00:10:01	HK1-Log	Schaltliste unverändert
2025-11-19 00:10:01	HK1-Log	Ende ChurchTools-Skriptlauf
2025-11-19 00:10:01	HK2-Log	Beginn Schaltskriptlauf
2025-11-19 00:10:01	HK2-Log	Vollständige Raumliste: HKG-Raum-GrSaal+HKG-Raum-Foyer+HKG-Raum-WCs,HKG-Raum-KlSaal+HKG-Raum-Foyer+HKG-Raum-WCs,HKG-Raum-Küche,HKG-Raum-JuHu+HKG-Raum-VorraumKüche+HKG-Raum-Dreiecksraum,HKG-Raum-KiGo
2025-11-19 00:10:01	HK2-Log	Ende Schaltskriptlauf
2025-11-19 00:15:00	HK1-Log	Beginn ChurchTools-Skriptlauf
2025-11-19 00:15:01	HK1-Log	Schaltliste unverändert
2025-11-19 00:15:01	HK1-Log	Ende ChurchTools-Skriptlauf
2025-11-19 00:15:01	HK2-Log	Beginn Schaltskriptlauf
2025-11-19 00:15:01	HK2-Log	Vollständige Raumliste: HKG-Raum-GrSaal+HKG-Raum-Foyer+HKG-Raum-WCs,HKG-Raum-KlSaal+HKG-Raum-Foyer+HKG-Raum-WCs,HKG-Raum-Küche,HKG-Raum-JuHu+HKG-Raum-VorraumKüche+HKG-Raum-Dreiecksraum,HKG-Raum-KiGo
2025-11-19 00:15:01	HK2-Log	Ende Schaltskriptlauf
2025-11-19 00:20:00	HK1-Log	Beginn ChurchTools-Skriptlauf
2025-11-19 00:20:01	HK1-Log	Schaltliste unverändert
2025-11-19 00:20:01	HK1-Log	Ende ChurchTools-Skriptlauf
2025-11-19 00:20:01	HK2-Log	Beginn Schaltskriptlauf
2025-11-19 00:20:01	HK2-Log	Vollständige Raumliste: HKG-Raum-GrSaal+HKG-Raum-Foyer+HKG-Raum-WCs,HKG-Raum-KlSaal+HKG-Raum-Foyer+HKG-Raum-WCs,HKG-Raum-Küche,HKG-Raum-JuHu+HKG-Raum-VorraumKüche+HKG-Raum-Dreiecksraum,HKG-Raum-KiGo
2025-11-19 00:20:01	HK2-Log	Ende Schaltskriptlauf
2025-11-19 00:25:00	HK1-Log	Beginn ChurchTools-Skriptlauf
2025-11-19 00:25:01	HK1-Log	Schaltliste unverändert
2025-11-19 00:25:01	HK1-Log	Ende ChurchTools-Skriptlauf
2025-11-19 00:25:01	HK2-Log	Beginn Schaltskriptlauf
2025-11-19 00:25:01	HK2-Log	Vollständige Raumliste: HKG-Raum-GrSaal+HKG-Raum-Foyer+HKG-Raum-WCs,HKG-Raum-KlSaal+HKG-Raum-Foyer+HKG-Raum-WCs,HKG-Raum-Küche,HKG-Raum-JuHu+HKG-Raum-VorraumKüche+HKG-Raum-Dreiecksraum,HKG-Raum-KiGo
2025-11-19 00:25:01	HK2-Log	Ende Schaltskriptlauf
2025-11-19 00:30:00	HK1-Log	Beginn ChurchTools-Skriptlauf
2025-11-19 00:30:01	HK1-Log	Schaltliste unverändert
2025-11-19 00:30:01	HK1-Log	Ende ChurchTools-Skriptlauf
2025-11-19 00:30:01	HK2-Log	Beginn Schaltskriptlauf
2025-11-19 00:30:01	HK2-Log	Vollständige Raumliste: HKG-Raum-GrSaal+HKG-Raum-Foyer+HKG-Raum-WCs,HKG-Raum-KlSaal+HKG-Raum-Foyer+HKG-Raum-WCs,HKG-Raum-Küche,HKG-Raum-JuHu+HKG-Raum-VorraumKüche+HKG-Raum-Dreiecksraum,HKG-Raum-KiGo
2025-11-19 00:30:01	HK2-Log	Ende Schaltskriptlauf
2025-11-19 00:35:00	HK1-Log	Beginn ChurchTools-Skriptlauf
2025-11-19 00:35:01	HK1-Log	Schaltliste unverändert
2025-11-19 00:35:01	HK1-Log	Ende ChurchTools-Skriptlauf
2025-11-19 00:35:01	HK2-Log	Beginn Schaltskriptlauf
2025-11-19 00:35:01	HK2-Log	Vollständige Raumliste: HKG-Raum-GrSaal+HKG-Raum-Foyer+HKG-Raum-WCs,HKG-Raum-KlSaal+HKG-Raum-Foyer+HKG-Raum-WCs,HKG-Raum-Küche,HKG-Raum-JuHu+HKG-Raum-VorraumKüche+HKG-Raum-Dreiecksraum,HKG-Raum-KiGo
2025-11-19 00:35:01	HK2-Log	Ende Schaltskriptlauf
2025-11-19 00:40:00	HK1-Log	Beginn ChurchTools-Skriptlauf
2025-11-19 00:40:01	HK1-Log	Schaltliste unverändert
2025-11-19 00:40:01	HK1-Log	Ende ChurchTools-Skriptlauf
2025-11-19 00:40:01	HK2-Log	Beginn Schaltskriptlauf
2025-11-19 00:40:01	HK2-Log	Vollständige Raumliste: HKG-Raum-GrSaal+HKG-Raum-Foyer+HKG-Raum-WCs,HKG-Raum-KlSaal+HKG-Raum-Foyer+HKG-Raum-WCs,HKG-Raum-Küche,HKG-Raum-JuHu+HKG-Raum-VorraumKüche+HKG-Raum-Dreiecksraum,HKG-Raum-KiGo
2025-11-19 00:40:01	HK2-Log	Ende Schaltskriptlauf
2025-11-19 00:45:00	HK1-Log	Beginn ChurchTools-Skriptlauf
2025-11-19 00:45:01	HK1-Log	Schaltliste unverändert
2025-11-19 00:45:01	HK1-Log	Ende ChurchTools-Skriptlauf
2025-11-19 00:45:01	HK2-Log	Beginn Schaltskriptlauf
2025-11-19 00:45:01	HK2-Log	Vollständige Raumliste: HKG-Raum-GrSaal+HKG-Raum-Foyer+HKG-Raum-WCs,HKG-Raum-KlSaal+HKG-Raum-Foyer+HKG-Raum-WCs,HKG-Raum-Küche,HKG-Raum-JuHu+HKG-Raum-VorraumKüche+HKG-Raum-Dreiecksraum,HKG-Raum-KiGo
2025-11-19 00:45:01	HK2-Log	Ende Schaltskriptlauf
2025-11-19 00:50:00	HK1-Log	Beginn ChurchTools-Skriptlauf
2025-11-19 00:50:01	HK1-Log	Schaltliste unverändert
2025-11-19 00:50:01	HK1-Log	Ende ChurchTools-Skriptlauf
2025-11-19 00:50:01	HK2-Log	Beginn Schaltskriptlauf
2025-11-19 00:50:01	HK2-Log	Vollständige Raumliste: HKG-Raum-GrSaal+HKG-Raum-Foyer+HKG-Raum-WCs,HKG-Raum-KlSaal+HKG-Raum-Foyer+HKG-Raum-WCs,HKG-Raum-Küche,HKG-Raum-JuHu+HKG-Raum-VorraumKüche+HKG-Raum-Dreiecksraum,HKG-Raum-KiGo
2025-11-19 00:50:01	HK2-Log	Ende Schaltskriptlauf
2025-11-19 00:55:00	HK1-Log	Beginn ChurchTools-Skriptlauf
2025-11-19 00:55:01	HK1-Log	Schaltliste unverändert
2025-11-19 00:55:01	HK1-Log	Ende ChurchTools-Skriptlauf
2025-11-19 00:55:01	HK2-Log	Beginn Schaltskriptlauf
2025-11-19 00:55:01	HK2-Log	Vollständige Raumliste: HKG-Raum-GrSaal+HKG-Raum-Foyer+HKG-Raum-WCs,HKG-Raum-KlSaal+HKG-Raum-Foyer+HKG-Raum-WCs,HKG-Raum-Küche,HKG-Raum-JuHu+HKG-Raum-VorraumKüche+HKG-Raum-Dreiecksraum,HKG-Raum-KiGo
2025-11-19 00:55:01	HK2-Log	Ende Schaltskriptlauf
2025-11-19 01:00:03	HK2-Aussentemperatur	1.600000 (1.60 °C)
2025-11-19 01:00:03	HK1-Log	Beginn ChurchTools-Skriptlauf
2025-11-19 01:00:03	HK1-Log	Schaltliste unverändert
2025-11-19 01:00:03	HK1-Log	Ende ChurchTools-Skriptlauf
2025-11-19 01:00:03	HK2-Log	Beginn Schaltskriptlauf
2025-11-19 01:00:03	HK2-Log	Vollständige Raumliste: HKG-Raum-GrSaal+HKG-Raum-Foyer+HKG-Raum-WCs,HKG-Raum-KlSaal+HKG-Raum-Foyer+HKG-Raum-WCs,HKG-Raum-Küche,HKG-Raum-JuHu+HKG-Raum-VorraumKüche+HKG-Raum-Dreiecksraum,HKG-Raum-KiGo
2025-11-19 01:00:03	HK2-Log	Beginn Nachtabschaltung
2025-11-19 01:00:03	HK2-Log	Gruppe:HKG-Raum-GrSaal,HKG-Raum-Foyer,HKG-Raum-WCs,HKG-Raum-KlSaal,HKG-Raum-Foyer,HKG-Raum-WCs,HKG-Raum-Küche,HKG-Raum-JuHu,HKG-Raum-VorraumKüche,HKG-Raum-Dreiecksraum,HKG-Raum-KiGo
2025-11-19 01:00:03	HK2-Log	Ende Schaltskriptlauf
2025-11-19 01:05:00	HK1-Log	Beginn ChurchTools-Skriptlauf
2025-11-19 01:05:01	HK1-Log	Schaltliste unverändert
2025-11-19 01:05:01	HK1-Log	Ende ChurchTools-Skriptlauf
2025-11-19 01:05:01	HK2-Log	Beginn Schaltskriptlauf
2025-11-19 01:05:01	HK2-Log	Vollständige Raumliste: HKG-Raum-GrSaal+HKG-Raum-Foyer+HKG-Raum-WCs,HKG-Raum-KlSaal+HKG-Raum-Foyer+HKG-Raum-WCs,HKG-Raum-Küche,HKG-Raum-JuHu+HKG-Raum-VorraumKüche+HKG-Raum-Dreiecksraum,HKG-Raum-KiGo
2025-11-19 01:05:01	HK2-Log	Ende Schaltskriptlauf
2025-11-19 01:10:00	HK1-Log	Beginn ChurchTools-Skriptlauf
2025-11-19 01:10:01	HK1-Log	Schaltliste unverändert
2025-11-19 01:10:01	HK1-Log	Ende ChurchTools-Skriptlauf
2025-11-19 01:10:01	HK2-Log	Beginn Schaltskriptlauf
2025-11-19 01:10:01	HK2-Log	Vollständige Raumliste: HKG-Raum-GrSaal+HKG-Raum-Foyer+HKG-Raum-WCs,HKG-Raum-KlSaal+HKG-Raum-Foyer+HKG-Raum-WCs,HKG-Raum-Küche,HKG-Raum-JuHu+HKG-Raum-VorraumKüche+HKG-Raum-Dreiecksraum,HKG-Raum-KiGo
2025-11-19 01:10:01	HK2-Log	Ende Schaltskriptlauf
2025-11-19 01:15:00	HK1-Log	Beginn ChurchTools-Skriptlauf
2025-11-19 01:15:01	HK1-Log	Schaltliste unverändert
2025-11-19 01:15:01	HK1-Log	Ende ChurchTools-Skriptlauf
2025-11-19 01:15:01	HK2-Log	Beginn Schaltskriptlauf
2025-11-19 01:15:01	HK2-Log	Vollständige Raumliste: HKG-Raum-GrSaal+HKG-Raum-Foyer+HKG-Raum-WCs,HKG-Raum-KlSaal+HKG-Raum-Foyer+HKG-Raum-WCs,HKG-Raum-Küche,HKG-Raum-JuHu+HKG-Raum-VorraumKüche+HKG-Raum-Dreiecksraum,HKG-Raum-KiGo
2025-11-19 01:15:01	HK2-Log	Ende Schaltskriptlauf
2025-11-19 01:20:00	HK1-Log	Beginn ChurchTools-Skriptlauf
2025-11-19 01:20:01	HK1-Log	Schaltliste unverändert
2025-11-19 01:20:01	HK1-Log	Ende ChurchTools-Skriptlauf
2025-11-19 01:20:01	HK2-Log	Beginn Schaltskriptlauf
2025-11-19 01:20:01	HK2-Log	Vollständige Raumliste: HKG-Raum-GrSaal+HKG-Raum-Foyer+HKG-Raum-WCs,HKG-Raum-KlSaal+HKG-Raum-Foyer+HKG-Raum-WCs,HKG-Raum-Küche,HKG-Raum-JuHu+HKG-Raum-VorraumKüche+HKG-Raum-Dreiecksraum,HKG-Raum-KiGo
2025-11-19 01:20:01	HK2-Log	Ende Schaltskriptlauf
2025-11-19 01:25:00	HK1-Log	Beginn ChurchTools-Skriptlauf
2025-11-19 01:25:01	HK1-Log	Schaltliste unverändert
2025-11-19 01:25:01	HK1-Log	Ende ChurchTools-Skriptlauf
2025-11-19 01:25:01	HK2-Log	Beginn Schaltskriptlauf
2025-11-19 01:25:01	HK2-Log	Vollständige Raumliste: HKG-Raum-GrSaal+HKG-Raum-Foyer+HKG-Raum-WCs,HKG-Raum-KlSaal+HKG-Raum-Foyer+HKG-Raum-WCs,HKG-Raum-Küche,HKG-Raum-JuHu+HKG-Raum-VorraumKüche+HKG-Raum-Dreiecksraum,HKG-Raum-KiGo
2025-11-19 01:25:01	HK2-Log	Ende Schaltskriptlauf
2025-11-19 01:30:00	HK1-Log	Beginn ChurchTools-Skriptlauf
2025-11-19 01:30:01	HK1-Log	Schaltliste unverändert
2025-11-19 01:30:01	HK1-Log	Ende ChurchTools-Skriptlauf
2025-11-19 01:30:01	HK2-Log	Beginn Schaltskriptlauf
2025-11-19 01:30:01	HK2-Log	Vollständige Raumliste: HKG-Raum-GrSaal+HKG-Raum-Foyer+HKG-Raum-WCs,HKG-Raum-KlSaal+HKG-Raum-Foyer+HKG-Raum-WCs,HKG-Raum-Küche,HKG-Raum-JuHu+HKG-Raum-VorraumKüche+HKG-Raum-Dreiecksraum,HKG-Raum-KiGo
2025-11-19 01:30:01	HK2-Log	Ende Schaltskriptlauf
2025-11-19 01:35:00	HK1-Log	Beginn ChurchTools-Skriptlauf
2025-11-19 01:35:01	HK1-Log	Schaltliste unverändert
2025-11-19 01:35:01	HK1-Log	Ende ChurchTools-Skriptlauf
2025-11-19 01:35:01	HK2-Log	Beginn Schaltskriptlauf
2025-11-19 01:35:01	HK2-Log	Vollständige Raumliste: HKG-Raum-GrSaal+HKG-Raum-Foyer+HKG-Raum-WCs,HKG-Raum-KlSaal+HKG-Raum-Foyer+HKG-Raum-WCs,HKG-Raum-Küche,HKG-Raum-JuHu+HKG-Raum-VorraumKüche+HKG-Raum-Dreiecksraum,HKG-Raum-KiGo
2025-11-19 01:35:01	HK2-Log	Ende Schaltskriptlauf
2025-11-19 01:40:00	HK1-Log	Beginn ChurchTools-Skriptlauf
2025-11-19 01:40:01	HK1-Log	Schaltliste unverändert
2025-11-19 01:40:01	HK1-Log	Ende ChurchTools-Skriptlauf
2025-11-19 01:40:01	HK2-Log	Beginn Schaltskriptlauf
2025-11-19 01:40:01	HK2-Log	Vollständige Raumliste: HKG-Raum-GrSaal+HKG-Raum-Foyer+HKG-Raum-WCs,HKG-Raum-KlSaal+HKG-Raum-Foyer+HKG-Raum-WCs,HKG-Raum-Küche,HKG-Raum-JuHu+HKG-Raum-VorraumKüche+HKG-Raum-Dreiecksraum,HKG-Raum-KiGo
2025-11-19 01:40:01	HK2-Log	Ende Schaltskriptlauf
2025-11-19 01:45:00	HK1-Log	Beginn ChurchTools-Skriptlauf
2025-11-19 01:45:01	HK1-Log	Schaltliste unverändert
2025-11-19 01:45:01	HK1-Log	Ende ChurchTools-Skriptlauf
2025-11-19 01:45:01	HK2-Log	Beginn Schaltskriptlauf
2025-11-19 01:45:01	HK2-Log	Vollständige Raumliste: HKG-Raum-GrSaal+HKG-Raum-Foyer+HKG-Raum-WCs,HKG-Raum-KlSaal+HKG-Raum-Foyer+HKG-Raum-WCs,HKG-Raum-Küche,HKG-Raum-JuHu+HKG-Raum-VorraumKüche+HKG-Raum-Dreiecksraum,HKG-Raum-KiGo
2025-11-19 01:45:01	HK2-Log	Ende Schaltskriptlauf
2025-11-19 01:50:00	HK1-Log	Beginn ChurchTools-Skriptlauf
2025-11-19 01:50:01	HK1-Log	Schaltliste unverändert
2025-11-19 01:50:01	HK1-Log	Ende ChurchTools-Skriptlauf
2025-11-19 01:50:01	HK2-Log	Beginn Schaltskriptlauf
2025-11-19 01:50:01	HK2-Log	Vollständige Raumliste: HKG-Raum-GrSaal+HKG-Raum-Foyer+HKG-Raum-WCs,HKG-Raum-KlSaal+HKG-Raum-Foyer+HKG-Raum-WCs,HKG-Raum-Küche,HKG-Raum-JuHu+HKG-Raum-VorraumKüche+HKG-Raum-Dreiecksraum,HKG-Raum-KiGo
2025-11-19 01:50:01	HK2-Log	Ende Schaltskriptlauf
2025-11-19 01:55:00	HK1-Log	Beginn ChurchTools-Skriptlauf
2025-11-19 01:55:01	HK1-Log	Schaltliste unverändert
2025-11-19 01:55:01	HK1-Log	Ende ChurchTools-Skriptlauf
2025-11-19 01:55:01	HK2-Log	Beginn Schaltskriptlauf
2025-11-19 01:55:01	HK2-Log	Vollständige Raumliste: HKG-Raum-GrSaal+HKG-Raum-Foyer+HKG-Raum-WCs,HKG-Raum-KlSaal+HKG-Raum-Foyer+HKG-Raum-WCs,HKG-Raum-Küche,HKG-Raum-JuHu+HKG-Raum-VorraumKüche+HKG-Raum-Dreiecksraum,HKG-Raum-KiGo
2025-11-19 01:55:01	HK2-Log	Ende Schaltskriptlauf
2025-11-19 02:00:02	HK2-Aussentemperatur	1.400000 (1.40 °C)
2025-11-19 02:00:02	HK1-Log	Beginn ChurchTools-Skriptlauf
2025-11-19 02:00:03	HK1-Log	Schaltliste unverändert
2025-11-19 02:00:03	HK1-Log	Ende ChurchTools-Skriptlauf
2025-11-19 02:00:03	HK2-Log	Beginn Schaltskriptlauf
2025-11-19 02:00:03	HK2-Log	Vollständige Raumliste: HKG-Raum-GrSaal+HKG-Raum-Foyer+HKG-Raum-WCs,HKG-Raum-KlSaal+HKG-Raum-Foyer+HKG-Raum-WCs,HKG-Raum-Küche,HKG-Raum-JuHu+HKG-Raum-VorraumKüche+HKG-Raum-Dreiecksraum,HKG-Raum-KiGo
2025-11-19 02:00:03	HK2-Log	Ende Schaltskriptlauf
2025-11-19 02:05:00	HK1-Log	Beginn ChurchTools-Skriptlauf
2025-11-19 02:05:01	HK1-Log	Schaltliste unverändert
2025-11-19 02:05:01	HK1-Log	Ende ChurchTools-Skriptlauf
2025-11-19 02:05:01	HK2-Log	Beginn Schaltskriptlauf
2025-11-19 02:05:01	HK2-Log	Vollständige Raumliste: HKG-Raum-GrSaal+HKG-Raum-Foyer+HKG-Raum-WCs,HKG-Raum-KlSaal+HKG-Raum-Foyer+HKG-Raum-WCs,HKG-Raum-Küche,HKG-Raum-JuHu+HKG-Raum-VorraumKüche+HKG-Raum-Dreiecksraum,HKG-Raum-KiGo
2025-11-19 02:05:01	HK2-Log	Ende Schaltskriptlauf
2025-11-19 02:10:00	HK1-Log	Beginn ChurchTools-Skriptlauf
2025-11-19 02:10:01	HK1-Log	Schaltliste unverändert
2025-11-19 02:10:01	HK1-Log	Ende ChurchTools-Skriptlauf
2025-11-19 02:10:01	HK2-Log	Beginn Schaltskriptlauf
2025-11-19 02:10:01	HK2-Log	Vollständige Raumliste: HKG-Raum-GrSaal+HKG-Raum-Foyer+HKG-Raum-WCs,HKG-Raum-KlSaal+HKG-Raum-Foyer+HKG-Raum-WCs,HKG-Raum-Küche,HKG-Raum-JuHu+HKG-Raum-VorraumKüche+HKG-Raum-Dreiecksraum,HKG-Raum-KiGo
2025-11-19 02:10:01	HK2-Log	Ende Schaltskriptlauf
2025-11-19 02:15:00	HK1-Log	Beginn ChurchTools-Skriptlauf
2025-11-19 02:15:01	HK1-Log	Schaltliste unverändert
2025-11-19 02:15:01	HK1-Log	Ende ChurchTools-Skriptlauf
2025-11-19 02:15:01	HK2-Log	Beginn Schaltskriptlauf
2025-11-19 02:15:01	HK2-Log	Vollständige Raumliste: HKG-Raum-GrSaal+HKG-Raum-Foyer+HKG-Raum-WCs,HKG-Raum-KlSaal+HKG-Raum-Foyer+HKG-Raum-WCs,HKG-Raum-Küche,HKG-Raum-JuHu+HKG-Raum-VorraumKüche+HKG-Raum-Dreiecksraum,HKG-Raum-KiGo
2025-11-19 02:15:01	HK2-Log	Ende Schaltskriptlauf
2025-11-19 02:20:00	HK1-Log	Beginn ChurchTools-Skriptlauf
2025-11-19 02:20:01	HK1-Log	Schaltliste unverändert
2025-11-19 02:20:01	HK1-Log	Ende ChurchTools-Skriptlauf
2025-11-19 02:20:01	HK2-Log	Beginn Schaltskriptlauf
2025-11-19 02:20:01	HK2-Log	Vollständige Raumliste: HKG-Raum-GrSaal+HKG-Raum-Foyer+HKG-Raum-WCs,HKG-Raum-KlSaal+HKG-Raum-Foyer+HKG-Raum-WCs,HKG-Raum-Küche,HKG-Raum-JuHu+HKG-Raum-VorraumKüche+HKG-Raum-Dreiecksraum,HKG-Raum-KiGo
2025-11-19 02:20:01	HK2-Log	Ende Schaltskriptlauf
2025-11-19 02:25:00	HK1-Log	Beginn ChurchTools-Skriptlauf
2025-11-19 02:25:01	HK1-Log	Schaltliste unverändert
2025-11-19 02:25:01	HK1-Log	Ende ChurchTools-Skriptlauf
2025-11-19 02:25:01	HK2-Log	Beginn Schaltskriptlauf
2025-11-19 02:25:01	HK2-Log	Vollständige Raumliste: HKG-Raum-GrSaal+HKG-Raum-Foyer+HKG-Raum-WCs,HKG-Raum-KlSaal+HKG-Raum-Foyer+HKG-Raum-WCs,HKG-Raum-Küche,HKG-Raum-JuHu+HKG-Raum-VorraumKüche+HKG-Raum-Dreiecksraum,HKG-Raum-KiGo
2025-11-19 02:25:01	HK2-Log	Ende Schaltskriptlauf
2025-11-19 02:30:00	HK1-Log	Beginn ChurchTools-Skriptlauf
2025-11-19 02:30:01	HK1-Log	Schaltliste unverändert
2025-11-19 02:30:01	HK1-Log	Ende ChurchTools-Skriptlauf
2025-11-19 02:30:01	HK2-Log	Beginn Schaltskriptlauf
2025-11-19 02:30:01	HK2-Log	Vollständige Raumliste: HKG-Raum-GrSaal+HKG-Raum-Foyer+HKG-Raum-WCs,HKG-Raum-KlSaal+HKG-Raum-Foyer+HKG-Raum-WCs,HKG-Raum-Küche,HKG-Raum-JuHu+HKG-Raum-VorraumKüche+HKG-Raum-Dreiecksraum,HKG-Raum-KiGo
2025-11-19 02:30:01	HK2-Log	Ende Schaltskriptlauf
2025-11-19 02:35:00	HK1-Log	Beginn ChurchTools-Skriptlauf
2025-11-19 02:35:01	HK1-Log	Schaltliste unverändert
2025-11-19 02:35:01	HK1-Log	Ende ChurchTools-Skriptlauf
2025-11-19 02:35:01	HK2-Log	Beginn Schaltskriptlauf
2025-11-19 02:35:01	HK2-Log	Vollständige Raumliste: HKG-Raum-GrSaal+HKG-Raum-Foyer+HKG-Raum-WCs,HKG-Raum-KlSaal+HKG-Raum-Foyer+HKG-Raum-WCs,HKG-Raum-Küche,HKG-Raum-JuHu+HKG-Raum-VorraumKüche+HKG-Raum-Dreiecksraum,HKG-Raum-KiGo
2025-11-19 02:35:01	HK2-Log	Ende Schaltskriptlauf
2025-11-19 02:40:00	HK1-Log	Beginn ChurchTools-Skriptlauf
2025-11-19 02:40:01	HK1-Log	Schaltliste unverändert
2025-11-19 02:40:01	HK1-Log	Ende ChurchTools-Skriptlauf
2025-11-19 02:40:01	HK2-Log	Beginn Schaltskriptlauf
2025-11-19 02:40:01	HK2-Log	Vollständige Raumliste: HKG-Raum-GrSaal+HKG-Raum-Foyer+HKG-Raum-WCs,HKG-Raum-KlSaal+HKG-Raum-Foyer+HKG-Raum-WCs,HKG-Raum-Küche,HKG-Raum-JuHu+HKG-Raum-VorraumKüche+HKG-Raum-Dreiecksraum,HKG-Raum-KiGo
2025-11-19 02:40:01	HK2-Log	Ende Schaltskriptlauf
2025-11-19 02:45:00	HK1-Log	Beginn ChurchTools-Skriptlauf
2025-11-19 02:45:01	HK1-Log	Schaltliste unverändert
2025-11-19 02:45:01	HK1-Log	Ende ChurchTools-Skriptlauf
2025-11-19 02:45:01	HK2-Log	Beginn Schaltskriptlauf
2025-11-19 02:45:01	HK2-Log	Vollständige Raumliste: HKG-Raum-GrSaal+HKG-Raum-Foyer+HKG-Raum-WCs,HKG-Raum-KlSaal+HKG-Raum-Foyer+HKG-Raum-WCs,HKG-Raum-Küche,HKG-Raum-JuHu+HKG-Raum-VorraumKüche+HKG-Raum-Dreiecksraum,HKG-Raum-KiGo
2025-11-19 02:45:01	HK2-Log	Ende Schaltskriptlauf
2025-11-19 02:50:00	HK1-Log	Beginn ChurchTools-Skriptlauf
2025-11-19 02:50:01	HK1-Log	Schaltliste unverändert
2025-11-19 02:50:01	HK1-Log	Ende ChurchTools-Skriptlauf
2025-11-19 02:50:01	HK2-Log	Beginn Schaltskriptlauf
2025-11-19 02:50:01	HK2-Log	Vollständige Raumliste: HKG-Raum-GrSaal+HKG-Raum-Foyer+HKG-Raum-WCs,HKG-Raum-KlSaal+HKG-Raum-Foyer+HKG-Raum-WCs,HKG-Raum-Küche,HKG-Raum-JuHu+HKG-Raum-VorraumKüche+HKG-Raum-Dreiecksraum,HKG-Raum-KiGo
2025-11-19 02:50:01	HK2-Log	Ende Schaltskriptlauf
2025-11-19 02:55:00	HK1-Log	Beginn ChurchTools-Skriptlauf
2025-11-19 02:55:01	HK1-Log	Schaltliste unverändert
2025-11-19 02:55:01	HK1-Log	Ende ChurchTools-Skriptlauf
2025-11-19 02:55:01	HK2-Log	Beginn Schaltskriptlauf
2025-11-19 02:55:01	HK2-Log	Vollständige Raumliste: HKG-Raum-GrSaal+HKG-Raum-Foyer+HKG-Raum-WCs,HKG-Raum-KlSaal+HKG-Raum-Foyer+HKG-Raum-WCs,HKG-Raum-Küche,HKG-Raum-JuHu+HKG-Raum-VorraumKüche+HKG-Raum-Dreiecksraum,HKG-Raum-KiGo
2025-11-19 02:55:01	HK2-Log	Ende Schaltskriptlauf
2025-11-19 03:00:02	HK2-Aussentemperatur	2.300000 (2.30 °C)
2025-11-19 03:00:02	HK1-Log	Beginn ChurchTools-Skriptlauf
2025-11-19 03:00:02	HK1-Log	Schaltliste unverändert
2025-11-19 03:00:02	HK1-Log	Ende ChurchTools-Skriptlauf
2025-11-19 03:00:02	HK2-Log	Beginn Schaltskriptlauf
2025-11-19 03:00:02	HK2-Log	Vollständige Raumliste: HKG-Raum-GrSaal+HKG-Raum-Foyer+HKG-Raum-WCs,HKG-Raum-KlSaal+HKG-Raum-Foyer+HKG-Raum-WCs,HKG-Raum-Küche,HKG-Raum-JuHu+HKG-Raum-VorraumKüche+HKG-Raum-Dreiecksraum,HKG-Raum-KiGo
2025-11-19 03:00:02	HK2-Log	Ende Schaltskriptlauf
2025-11-19 03:05:00	HK1-Log	Beginn ChurchTools-Skriptlauf
2025-11-19 03:05:01	HK1-Log	Schaltliste unverändert
2025-11-19 03:05:01	HK1-Log	Ende ChurchTools-Skriptlauf
2025-11-19 03:05:01	HK2-Log	Beginn Schaltskriptlauf
2025-11-19 03:05:01	HK2-Log	Vollständige Raumliste: HKG-Raum-GrSaal+HKG-Raum-Foyer+HKG-Raum-WCs,HKG-Raum-KlSaal+HKG-Raum-Foyer+HKG-Raum-WCs,HKG-Raum-Küche,HKG-Raum-JuHu+HKG-Raum-VorraumKüche+HKG-Raum-Dreiecksraum,HKG-Raum-KiGo
2025-11-19 03:05:01	HK2-Log	Ende Schaltskriptlauf
2025-11-19 03:10:00	HK1-Log	Beginn ChurchTools-Skriptlauf
2025-11-19 03:10:01	HK1-Log	Schaltliste unverändert
2025-11-19 03:10:01	HK1-Log	Ende ChurchTools-Skriptlauf
2025-11-19 03:10:01	HK2-Log	Beginn Schaltskriptlauf
2025-11-19 03:10:01	HK2-Log	Vollständige Raumliste: HKG-Raum-GrSaal+HKG-Raum-Foyer+HKG-Raum-WCs,HKG-Raum-KlSaal+HKG-Raum-Foyer+HKG-Raum-WCs,HKG-Raum-Küche,HKG-Raum-JuHu+HKG-Raum-VorraumKüche+HKG-Raum-Dreiecksraum,HKG-Raum-KiGo
2025-11-19 03:10:01	HK2-Log	Ende Schaltskriptlauf
2025-11-19 03:15:00	HK1-Log	Beginn ChurchTools-Skriptlauf
2025-11-19 03:15:01	HK1-Log	Schaltliste unverändert
2025-11-19 03:15:01	HK1-Log	Ende ChurchTools-Skriptlauf
2025-11-19 03:15:01	HK2-Log	Beginn Schaltskriptlauf
2025-11-19 03:15:01	HK2-Log	Vollständige Raumliste: HKG-Raum-GrSaal+HKG-Raum-Foyer+HKG-Raum-WCs,HKG-Raum-KlSaal+HKG-Raum-Foyer+HKG-Raum-WCs,HKG-Raum-Küche,HKG-Raum-JuHu+HKG-Raum-VorraumKüche+HKG-Raum-Dreiecksraum,HKG-Raum-KiGo
2025-11-19 03:15:01	HK2-Log	Ende Schaltskriptlauf
2025-11-19 03:20:00	HK1-Log	Beginn ChurchTools-Skriptlauf
2025-11-19 03:20:01	HK1-Log	Schaltliste unverändert
2025-11-19 03:20:01	HK1-Log	Ende ChurchTools-Skriptlauf
2025-11-19 03:20:01	HK2-Log	Beginn Schaltskriptlauf
2025-11-19 03:20:01	HK2-Log	Vollständige Raumliste: HKG-Raum-GrSaal+HKG-Raum-Foyer+HKG-Raum-WCs,HKG-Raum-KlSaal+HKG-Raum-Foyer+HKG-Raum-WCs,HKG-Raum-Küche,HKG-Raum-JuHu+HKG-Raum-VorraumKüche+HKG-Raum-Dreiecksraum,HKG-Raum-KiGo
2025-11-19 03:20:01	HK2-Log	Ende Schaltskriptlauf
2025-11-19 03:25:00	HK1-Log	Beginn ChurchTools-Skriptlauf
2025-11-19 03:25:01	HK1-Log	Schaltliste unverändert
2025-11-19 03:25:01	HK1-Log	Ende ChurchTools-Skriptlauf
2025-11-19 03:25:01	HK2-Log	Beginn Schaltskriptlauf
2025-11-19 03:25:01	HK2-Log	Vollständige Raumliste: HKG-Raum-GrSaal+HKG-Raum-Foyer+HKG-Raum-WCs,HKG-Raum-KlSaal+HKG-Raum-Foyer+HKG-Raum-WCs,HKG-Raum-Küche,HKG-Raum-JuHu+HKG-Raum-VorraumKüche+HKG-Raum-Dreiecksraum,HKG-Raum-KiGo
2025-11-19 03:25:01	HK2-Log	Ende Schaltskriptlauf
2025-11-19 03:30:00	HK1-Log	Beginn ChurchTools-Skriptlauf
2025-11-19 03:30:01	HK1-Log	Schaltliste unverändert
2025-11-19 03:30:01	HK1-Log	Ende ChurchTools-Skriptlauf
2025-11-19 03:30:01	HK2-Log	Beginn Schaltskriptlauf
2025-11-19 03:30:01	HK2-Log	Vollständige Raumliste: HKG-Raum-GrSaal+HKG-Raum-Foyer+HKG-Raum-WCs,HKG-Raum-KlSaal+HKG-Raum-Foyer+HKG-Raum-WCs,HKG-Raum-Küche,HKG-Raum-JuHu+HKG-Raum-VorraumKüche+HKG-Raum-Dreiecksraum,HKG-Raum-KiGo
2025-11-19 03:30:01	HK2-Log	Ende Schaltskriptlauf
2025-11-19 03:35:00	HK1-Log	Beginn ChurchTools-Skriptlauf
2025-11-19 03:35:01	HK1-Log	Schaltliste unverändert
2025-11-19 03:35:01	HK1-Log	Ende ChurchTools-Skriptlauf
2025-11-19 03:35:01	HK2-Log	Beginn Schaltskriptlauf
2025-11-19 03:35:01	HK2-Log	Vollständige Raumliste: HKG-Raum-GrSaal+HKG-Raum-Foyer+HKG-Raum-WCs,HKG-Raum-KlSaal+HKG-Raum-Foyer+HKG-Raum-WCs,HKG-Raum-Küche,HKG-Raum-JuHu+HKG-Raum-VorraumKüche+HKG-Raum-Dreiecksraum,HKG-Raum-KiGo
2025-11-19 03:35:01	HK2-Log	Ende Schaltskriptlauf
2025-11-19 03:40:00	HK1-Log	Beginn ChurchTools-Skriptlauf
2025-11-19 03:40:01	HK1-Log	Schaltliste unverändert
2025-11-19 03:40:01	HK1-Log	Ende ChurchTools-Skriptlauf
2025-11-19 03:40:01	HK2-Log	Beginn Schaltskriptlauf
2025-11-19 03:40:01	HK2-Log	Vollständige Raumliste: HKG-Raum-GrSaal+HKG-Raum-Foyer+HKG-Raum-WCs,HKG-Raum-KlSaal+HKG-Raum-Foyer+HKG-Raum-WCs,HKG-Raum-Küche,HKG-Raum-JuHu+HKG-Raum-VorraumKüche+HKG-Raum-Dreiecksraum,HKG-Raum-KiGo
2025-11-19 03:40:01	HK2-Log	Ende Schaltskriptlauf
2025-11-19 03:45:00	HK1-Log	Beginn ChurchTools-Skriptlauf
2025-11-19 03:45:01	HK1-Log	Schaltliste unverändert
2025-11-19 03:45:01	HK1-Log	Ende ChurchTools-Skriptlauf
2025-11-19 03:45:01	HK2-Log	Beginn Schaltskriptlauf
2025-11-19 03:45:01	HK2-Log	Vollständige Raumliste: HKG-Raum-GrSaal+HKG-Raum-Foyer+HKG-Raum-WCs,HKG-Raum-KlSaal+HKG-Raum-Foyer+HKG-Raum-WCs,HKG-Raum-Küche,HKG-Raum-JuHu+HKG-Raum-VorraumKüche+HKG-Raum-Dreiecksraum,HKG-Raum-KiGo
2025-11-19 03:45:01	HK2-Log	Ende Schaltskriptlauf
2025-11-19 03:50:00	HK1-Log	Beginn ChurchTools-Skriptlauf
2025-11-19 03:50:01	HK1-Log	Schaltliste unverändert
2025-11-19 03:50:01	HK1-Log	Ende ChurchTools-Skriptlauf
2025-11-19 03:50:01	HK2-Log	Beginn Schaltskriptlauf
2025-11-19 03:50:01	HK2-Log	Vollständige Raumliste: HKG-Raum-GrSaal+HKG-Raum-Foyer+HKG-Raum-WCs,HKG-Raum-KlSaal+HKG-Raum-Foyer+HKG-Raum-WCs,HKG-Raum-Küche,HKG-Raum-JuHu+HKG-Raum-VorraumKüche+HKG-Raum-Dreiecksraum,HKG-Raum-KiGo
2025-11-19 03:50:01	HK2-Log	Ende Schaltskriptlauf
2025-11-19 03:55:00	HK1-Log	Beginn ChurchTools-Skriptlauf
2025-11-19 03:55:01	HK1-Log	Schaltliste unverändert
2025-11-19 03:55:01	HK1-Log	Ende ChurchTools-Skriptlauf
2025-11-19 03:55:01	HK2-Log	Beginn Schaltskriptlauf
2025-11-19 03:55:01	HK2-Log	Vollständige Raumliste: HKG-Raum-GrSaal+HKG-Raum-Foyer+HKG-Raum-WCs,HKG-Raum-KlSaal+HKG-Raum-Foyer+HKG-Raum-WCs,HKG-Raum-Küche,HKG-Raum-JuHu+HKG-Raum-VorraumKüche+HKG-Raum-Dreiecksraum,HKG-Raum-KiGo
2025-11-19 03:55:01	HK2-Log	Ende Schaltskriptlauf
2025-11-19 04:00:02	HK2-Aussentemperatur	2.300000 (2.30 °C)
2025-11-19 04:00:02	HK1-Log	Beginn ChurchTools-Skriptlauf
2025-11-19 04:00:03	HK1-Log	Schaltliste unverändert
2025-11-19 04:00:03	HK1-Log	Ende ChurchTools-Skriptlauf
2025-11-19 04:00:03	HK2-Log	Beginn Schaltskriptlauf
2025-11-19 04:00:03	HK2-Log	Vollständige Raumliste: HKG-Raum-GrSaal+HKG-Raum-Foyer+HKG-Raum-WCs,HKG-Raum-KlSaal+HKG-Raum-Foyer+HKG-Raum-WCs,HKG-Raum-Küche,HKG-Raum-JuHu+HKG-Raum-VorraumKüche+HKG-Raum-Dreiecksraum,HKG-Raum-KiGo
2025-11-19 04:00:03	HK2-Log	Ende Schaltskriptlauf
2025-11-19 04:05:00	HK1-Log	Beginn ChurchTools-Skriptlauf
2025-11-19 04:05:01	HK1-Log	Schaltliste unverändert
2025-11-19 04:05:01	HK1-Log	Ende ChurchTools-Skriptlauf
2025-11-19 04:05:01	HK2-Log	Beginn Schaltskriptlauf
2025-11-19 04:05:01	HK2-Log	Vollständige Raumliste: HKG-Raum-GrSaal+HKG-Raum-Foyer+HKG-Raum-WCs,HKG-Raum-KlSaal+HKG-Raum-Foyer+HKG-Raum-WCs,HKG-Raum-Küche,HKG-Raum-JuHu+HKG-Raum-VorraumKüche+HKG-Raum-Dreiecksraum,HKG-Raum-KiGo
2025-11-19 04:05:01	HK2-Log	Ende Schaltskriptlauf
2025-11-19 04:10:00	HK1-Log	Beginn ChurchTools-Skriptlauf
2025-11-19 04:10:01	HK1-Log	Schaltliste unverändert
2025-11-19 04:10:01	HK1-Log	Ende ChurchTools-Skriptlauf
2025-11-19 04:10:01	HK2-Log	Beginn Schaltskriptlauf
2025-11-19 04:10:01	HK2-Log	Vollständige Raumliste: HKG-Raum-GrSaal+HKG-Raum-Foyer+HKG-Raum-WCs,HKG-Raum-KlSaal+HKG-Raum-Foyer+HKG-Raum-WCs,HKG-Raum-Küche,HKG-Raum-JuHu+HKG-Raum-VorraumKüche+HKG-Raum-Dreiecksraum,HKG-Raum-KiGo
2025-11-19 04:10:01	HK2-Log	Ende Schaltskriptlauf
2025-11-19 04:15:00	HK1-Log	Beginn ChurchTools-Skriptlauf
2025-11-19 04:15:01	HK1-Log	Schaltliste unverändert
2025-11-19 04:15:01	HK1-Log	Ende ChurchTools-Skriptlauf
2025-11-19 04:15:01	HK2-Log	Beginn Schaltskriptlauf
2025-11-19 04:15:01	HK2-Log	Vollständige Raumliste: HKG-Raum-GrSaal+HKG-Raum-Foyer+HKG-Raum-WCs,HKG-Raum-KlSaal+HKG-Raum-Foyer+HKG-Raum-WCs,HKG-Raum-Küche,HKG-Raum-JuHu+HKG-Raum-VorraumKüche+HKG-Raum-Dreiecksraum,HKG-Raum-KiGo
2025-11-19 04:15:01	HK2-Log	Ende Schaltskriptlauf
2025-11-19 04:20:00	HK1-Log	Beginn ChurchTools-Skriptlauf
2025-11-19 04:20:01	HK1-Log	Schaltliste unverändert
2025-11-19 04:20:01	HK1-Log	Ende ChurchTools-Skriptlauf
2025-11-19 04:20:01	HK2-Log	Beginn Schaltskriptlauf
2025-11-19 04:20:01	HK2-Log	Vollständige Raumliste: HKG-Raum-GrSaal+HKG-Raum-Foyer+HKG-Raum-WCs,HKG-Raum-KlSaal+HKG-Raum-Foyer+HKG-Raum-WCs,HKG-Raum-Küche,HKG-Raum-JuHu+HKG-Raum-VorraumKüche+HKG-Raum-Dreiecksraum,HKG-Raum-KiGo
2025-11-19 04:20:01	HK2-Log	Ende Schaltskriptlauf
2025-11-19 04:25:00	HK1-Log	Beginn ChurchTools-Skriptlauf
2025-11-19 04:25:01	HK1-Log	Schaltliste unverändert
2025-11-19 04:25:01	HK1-Log	Ende ChurchTools-Skriptlauf
2025-11-19 04:25:01	HK2-Log	Beginn Schaltskriptlauf
2025-11-19 04:25:01	HK2-Log	Vollständige Raumliste: HKG-Raum-GrSaal+HKG-Raum-Foyer+HKG-Raum-WCs,HKG-Raum-KlSaal+HKG-Raum-Foyer+HKG-Raum-WCs,HKG-Raum-Küche,HKG-Raum-JuHu+HKG-Raum-VorraumKüche+HKG-Raum-Dreiecksraum,HKG-Raum-KiGo
2025-11-19 04:25:01	HK2-Log	Ende Schaltskriptlauf
2025-11-19 04:30:00	HK1-Log	Beginn ChurchTools-Skriptlauf
2025-11-19 04:30:01	HK1-Log	Schaltliste unverändert
2025-11-19 04:30:01	HK1-Log	Ende ChurchTools-Skriptlauf
2025-11-19 04:30:01	HK2-Log	Beginn Schaltskriptlauf
2025-11-19 04:30:01	HK2-Log	Vollständige Raumliste: HKG-Raum-GrSaal+HKG-Raum-Foyer+HKG-Raum-WCs,HKG-Raum-KlSaal+HKG-Raum-Foyer+HKG-Raum-WCs,HKG-Raum-Küche,HKG-Raum-JuHu+HKG-Raum-VorraumKüche+HKG-Raum-Dreiecksraum,HKG-Raum-KiGo
2025-11-19 04:30:01	HK2-Log	Ende Schaltskriptlauf
2025-11-19 04:35:00	HK1-Log	Beginn ChurchTools-Skriptlauf
2025-11-19 04:35:01	HK1-Log	Schaltliste unverändert
2025-11-19 04:35:01	HK1-Log	Ende ChurchTools-Skriptlauf
2025-11-19 04:35:01	HK2-Log	Beginn Schaltskriptlauf
2025-11-19 04:35:01	HK2-Log	Vollständige Raumliste: HKG-Raum-GrSaal+HKG-Raum-Foyer+HKG-Raum-WCs,HKG-Raum-KlSaal+HKG-Raum-Foyer+HKG-Raum-WCs,HKG-Raum-Küche,HKG-Raum-JuHu+HKG-Raum-VorraumKüche+HKG-Raum-Dreiecksraum,HKG-Raum-KiGo
2025-11-19 04:35:01	HK2-Log	Ende Schaltskriptlauf
2025-11-19 04:40:00	HK1-Log	Beginn ChurchTools-Skriptlauf
2025-11-19 04:40:01	HK1-Log	Schaltliste unverändert
2025-11-19 04:40:01	HK1-Log	Ende ChurchTools-Skriptlauf
2025-11-19 04:40:01	HK2-Log	Beginn Schaltskriptlauf
2025-11-19 04:40:01	HK2-Log	Vollständige Raumliste: HKG-Raum-GrSaal+HKG-Raum-Foyer+HKG-Raum-WCs,HKG-Raum-KlSaal+HKG-Raum-Foyer+HKG-Raum-WCs,HKG-Raum-Küche,HKG-Raum-JuHu+HKG-Raum-VorraumKüche+HKG-Raum-Dreiecksraum,HKG-Raum-KiGo
2025-11-19 04:40:01	HK2-Log	Ende Schaltskriptlauf
2025-11-19 04:45:00	HK1-Log	Beginn ChurchTools-Skriptlauf
2025-11-19 04:45:01	HK1-Log	Schaltliste unverändert
2025-11-19 04:45:01	HK1-Log	Ende ChurchTools-Skriptlauf
2025-11-19 04:45:01	HK2-Log	Beginn Schaltskriptlauf
2025-11-19 04:45:01	HK2-Log	Vollständige Raumliste: HKG-Raum-GrSaal+HKG-Raum-Foyer+HKG-Raum-WCs,HKG-Raum-KlSaal+HKG-Raum-Foyer+HKG-Raum-WCs,HKG-Raum-Küche,HKG-Raum-JuHu+HKG-Raum-VorraumKüche+HKG-Raum-Dreiecksraum,HKG-Raum-KiGo
2025-11-19 04:45:01	HK2-Log	Ende Schaltskriptlauf
2025-11-19 04:50:00	HK1-Log	Beginn ChurchTools-Skriptlauf
2025-11-19 04:50:01	HK1-Log	Schaltliste unverändert
2025-11-19 04:50:01	HK1-Log	Ende ChurchTools-Skriptlauf
2025-11-19 04:50:01	HK2-Log	Beginn Schaltskriptlauf
2025-11-19 04:50:01	HK2-Log	Vollständige Raumliste: HKG-Raum-GrSaal+HKG-Raum-Foyer+HKG-Raum-WCs,HKG-Raum-KlSaal+HKG-Raum-Foyer+HKG-Raum-WCs,HKG-Raum-Küche,HKG-Raum-JuHu+HKG-Raum-VorraumKüche+HKG-Raum-Dreiecksraum,HKG-Raum-KiGo
2025-11-19 04:50:01	HK2-Log	Ende Schaltskriptlauf
2025-11-19 04:55:00	HK1-Log	Beginn ChurchTools-Skriptlauf
2025-11-19 04:55:01	HK1-Log	Schaltliste unverändert
2025-11-19 04:55:01	HK1-Log	Ende ChurchTools-Skriptlauf
2025-11-19 04:55:01	HK2-Log	Beginn Schaltskriptlauf
2025-11-19 04:55:01	HK2-Log	Vollständige Raumliste: HKG-Raum-GrSaal+HKG-Raum-Foyer+HKG-Raum-WCs,HKG-Raum-KlSaal+HKG-Raum-Foyer+HKG-Raum-WCs,HKG-Raum-Küche,HKG-Raum-JuHu+HKG-Raum-VorraumKüche+HKG-Raum-Dreiecksraum,HKG-Raum-KiGo
2025-11-19 04:55:01	HK2-Log	Ende Schaltskriptlauf
2025-11-19 05:00:02	HK2-Aussentemperatur	2.100000 (2.10 °C)
2025-11-19 05:00:02	HK1-Log	Beginn ChurchTools-Skriptlauf
2025-11-19 05:00:03	HK1-Log	Schaltliste unverändert
2025-11-19 05:00:03	HK1-Log	Ende ChurchTools-Skriptlauf
2025-11-19 05:00:03	HK2-Log	Beginn Schaltskriptlauf
2025-11-19 05:00:03	HK2-Log	Vollständige Raumliste: HKG-Raum-GrSaal+HKG-Raum-Foyer+HKG-Raum-WCs,HKG-Raum-KlSaal+HKG-Raum-Foyer+HKG-Raum-WCs,HKG-Raum-Küche,HKG-Raum-JuHu+HKG-Raum-VorraumKüche+HKG-Raum-Dreiecksraum,HKG-Raum-KiGo
2025-11-19 05:00:03	HK2-Log	Ende Schaltskriptlauf
2025-11-19 05:05:00	HK1-Log	Beginn ChurchTools-Skriptlauf
2025-11-19 05:05:01	HK1-Log	Schaltliste unverändert
2025-11-19 05:05:01	HK1-Log	Ende ChurchTools-Skriptlauf
2025-11-19 05:05:01	HK2-Log	Beginn Schaltskriptlauf
2025-11-19 05:05:01	HK2-Log	Vollständige Raumliste: HKG-Raum-GrSaal+HKG-Raum-Foyer+HKG-Raum-WCs,HKG-Raum-KlSaal+HKG-Raum-Foyer+HKG-Raum-WCs,HKG-Raum-Küche,HKG-Raum-JuHu+HKG-Raum-VorraumKüche+HKG-Raum-Dreiecksraum,HKG-Raum-KiGo
2025-11-19 05:05:01	HK2-Log	Ende Schaltskriptlauf
2025-11-19 05:10:00	HK1-Log	Beginn ChurchTools-Skriptlauf
2025-11-19 05:10:01	HK1-Log	Schaltliste unverändert
2025-11-19 05:10:01	HK1-Log	Ende ChurchTools-Skriptlauf
2025-11-19 05:10:01	HK2-Log	Beginn Schaltskriptlauf
2025-11-19 05:10:01	HK2-Log	Vollständige Raumliste: HKG-Raum-GrSaal+HKG-Raum-Foyer+HKG-Raum-WCs,HKG-Raum-KlSaal+HKG-Raum-Foyer+HKG-Raum-WCs,HKG-Raum-Küche,HKG-Raum-JuHu+HKG-Raum-VorraumKüche+HKG-Raum-Dreiecksraum,HKG-Raum-KiGo
2025-11-19 05:10:01	HK2-Log	Ende Schaltskriptlauf
2025-11-19 05:15:00	HK1-Log	Beginn ChurchTools-Skriptlauf
2025-11-19 05:15:01	HK1-Log	Schaltliste unverändert
2025-11-19 05:15:01	HK1-Log	Ende ChurchTools-Skriptlauf
2025-11-19 05:15:01	HK2-Log	Beginn Schaltskriptlauf
2025-11-19 05:15:01	HK2-Log	Vollständige Raumliste: HKG-Raum-GrSaal+HKG-Raum-Foyer+HKG-Raum-WCs,HKG-Raum-KlSaal+HKG-Raum-Foyer+HKG-Raum-WCs,HKG-Raum-Küche,HKG-Raum-JuHu+HKG-Raum-VorraumKüche+HKG-Raum-Dreiecksraum,HKG-Raum-KiGo
2025-11-19 05:15:01	HK2-Log	Ende Schaltskriptlauf
2025-11-19 05:20:00	HK1-Log	Beginn ChurchTools-Skriptlauf
2025-11-19 05:20:01	HK1-Log	Schaltliste unverändert
2025-11-19 05:20:01	HK1-Log	Ende ChurchTools-Skriptlauf
2025-11-19 05:20:01	HK2-Log	Beginn Schaltskriptlauf
2025-11-19 05:20:01	HK2-Log	Vollständige Raumliste: HKG-Raum-GrSaal+HKG-Raum-Foyer+HKG-Raum-WCs,HKG-Raum-KlSaal+HKG-Raum-Foyer+HKG-Raum-WCs,HKG-Raum-Küche,HKG-Raum-JuHu+HKG-Raum-VorraumKüche+HKG-Raum-Dreiecksraum,HKG-Raum-KiGo
2025-11-19 05:20:01	HK2-Log	Ende Schaltskriptlauf
2025-11-19 05:25:00	HK1-Log	Beginn ChurchTools-Skriptlauf
2025-11-19 05:25:01	HK1-Log	Schaltliste unverändert
2025-11-19 05:25:01	HK1-Log	Ende ChurchTools-Skriptlauf
2025-11-19 05:25:01	HK2-Log	Beginn Schaltskriptlauf
2025-11-19 05:25:01	HK2-Log	Vollständige Raumliste: HKG-Raum-GrSaal+HKG-Raum-Foyer+HKG-Raum-WCs,HKG-Raum-KlSaal+HKG-Raum-Foyer+HKG-Raum-WCs,HKG-Raum-Küche,HKG-Raum-JuHu+HKG-Raum-VorraumKüche+HKG-Raum-Dreiecksraum,HKG-Raum-KiGo
2025-11-19 05:25:01	HK2-Log	Ende Schaltskriptlauf
2025-11-19 05:30:00	HK1-Log	Beginn ChurchTools-Skriptlauf
2025-11-19 05:30:01	HK1-Log	Schaltliste unverändert
2025-11-19 05:30:01	HK1-Log	Ende ChurchTools-Skriptlauf
2025-11-19 05:30:01	HK2-Log	Beginn Schaltskriptlauf
2025-11-19 05:30:01	HK2-Log	Vollständige Raumliste: HKG-Raum-GrSaal+HKG-Raum-Foyer+HKG-Raum-WCs,HKG-Raum-KlSaal+HKG-Raum-Foyer+HKG-Raum-WCs,HKG-Raum-Küche,HKG-Raum-JuHu+HKG-Raum-VorraumKüche+HKG-Raum-Dreiecksraum,HKG-Raum-KiGo
2025-11-19 05:30:01	HK2-Log	Ende Schaltskriptlauf
2025-11-19 05:35:00	HK1-Log	Beginn ChurchTools-Skriptlauf
2025-11-19 05:35:01	HK1-Log	Schaltliste unverändert
2025-11-19 05:35:01	HK1-Log	Ende ChurchTools-Skriptlauf
2025-11-19 05:35:01	HK2-Log	Beginn Schaltskriptlauf
2025-11-19 05:35:01	HK2-Log	Vollständige Raumliste: HKG-Raum-GrSaal+HKG-Raum-Foyer+HKG-Raum-WCs,HKG-Raum-KlSaal+HKG-Raum-Foyer+HKG-Raum-WCs,HKG-Raum-Küche,HKG-Raum-JuHu+HKG-Raum-VorraumKüche+HKG-Raum-Dreiecksraum,HKG-Raum-KiGo
2025-11-19 05:35:01	HK2-Log	Ende Schaltskriptlauf
2025-11-19 05:40:00	HK1-Log	Beginn ChurchTools-Skriptlauf
2025-11-19 05:40:01	HK1-Log	Schaltliste unverändert
2025-11-19 05:40:01	HK1-Log	Ende ChurchTools-Skriptlauf
2025-11-19 05:40:01	HK2-Log	Beginn Schaltskriptlauf
2025-11-19 05:40:01	HK2-Log	Vollständige Raumliste: HKG-Raum-GrSaal+HKG-Raum-Foyer+HKG-Raum-WCs,HKG-Raum-KlSaal+HKG-Raum-Foyer+HKG-Raum-WCs,HKG-Raum-Küche,HKG-Raum-JuHu+HKG-Raum-VorraumKüche+HKG-Raum-Dreiecksraum,HKG-Raum-KiGo
2025-11-19 05:40:01	HK2-Log	Ende Schaltskriptlauf
2025-11-19 05:45:00	HK1-Log	Beginn ChurchTools-Skriptlauf
2025-11-19 05:45:01	HK1-Log	Schaltliste unverändert
2025-11-19 05:45:01	HK1-Log	Ende ChurchTools-Skriptlauf
2025-11-19 05:45:01	HK2-Log	Beginn Schaltskriptlauf
2025-11-19 05:45:01	HK2-Log	Vollständige Raumliste: HKG-Raum-GrSaal+HKG-Raum-Foyer+HKG-Raum-WCs,HKG-Raum-KlSaal+HKG-Raum-Foyer+HKG-Raum-WCs,HKG-Raum-Küche,HKG-Raum-JuHu+HKG-Raum-VorraumKüche+HKG-Raum-Dreiecksraum,HKG-Raum-KiGo
2025-11-19 05:45:01	HK2-Log	Ende Schaltskriptlauf
2025-11-19 05:50:00	HK1-Log	Beginn ChurchTools-Skriptlauf
2025-11-19 05:50:01	HK1-Log	Schaltliste unverändert
2025-11-19 05:50:01	HK1-Log	Ende ChurchTools-Skriptlauf
2025-11-19 05:50:01	HK2-Log	Beginn Schaltskriptlauf
2025-11-19 05:50:01	HK2-Log	Vollständige Raumliste: HKG-Raum-GrSaal+HKG-Raum-Foyer+HKG-Raum-WCs,HKG-Raum-KlSaal+HKG-Raum-Foyer+HKG-Raum-WCs,HKG-Raum-Küche,HKG-Raum-JuHu+HKG-Raum-VorraumKüche+HKG-Raum-Dreiecksraum,HKG-Raum-KiGo
2025-11-19 05:50:01	HK2-Log	Ende Schaltskriptlauf
2025-11-19 05:55:00	HK1-Log	Beginn ChurchTools-Skriptlauf
2025-11-19 05:55:01	HK1-Log	Schaltliste unverändert
2025-11-19 05:55:01	HK1-Log	Ende ChurchTools-Skriptlauf
2025-11-19 05:55:01	HK2-Log	Beginn Schaltskriptlauf
2025-11-19 05:55:01	HK2-Log	Vollständige Raumliste: HKG-Raum-GrSaal+HKG-Raum-Foyer+HKG-Raum-WCs,HKG-Raum-KlSaal+HKG-Raum-Foyer+HKG-Raum-WCs,HKG-Raum-Küche,HKG-Raum-JuHu+HKG-Raum-VorraumKüche+HKG-Raum-Dreiecksraum,HKG-Raum-KiGo
2025-11-19 05:55:01	HK2-Log	Ende Schaltskriptlauf
2025-11-19 06:00:02	HK2-Aussentemperatur	1.700000 (1.70 °C)
2025-11-19 06:00:03	HK1-Log	Beginn ChurchTools-Skriptlauf
2025-11-19 06:00:03	HK1-Log	Raum 2: 14:00:00 / 16:00:00 Heizen/Schalten: 1
2025-11-19 06:00:03	HK1-Schaltliste	2,1763557200,1763564400,0,1,
2025-11-19 06:00:03	HK1-Log	Neue Schaltliste: 2,1763557200,1763564400,0,1,
2025-11-19 06:00:03	HK1-Log	Ende ChurchTools-Skriptlauf
2025-11-19 06:00:03	HK2-Log	Beginn Schaltskriptlauf
2025-11-19 06:00:03	HK2-Log	Vollständige Raumliste: HKG-Raum-GrSaal+HKG-Raum-Foyer+HKG-Raum-WCs,HKG-Raum-KlSaal+HKG-Raum-Foyer+HKG-Raum-WCs,HKG-Raum-Küche,HKG-Raum-JuHu+HKG-Raum-VorraumKüche+HKG-Raum-Dreiecksraum,HKG-Raum-KiGo
2025-11-19 06:00:03	HK2-Log	Schaltlisteneintrag 2 Heizen: 14:00:00 / 16:00:00  R-Temp 0
2025-11-19 06:00:03	HK2-Log	Kleiner Saal Raumliste: HKG-Raum-KlSaal+HKG-Raum-Foyer+HKG-Raum-WCs
2025-11-19 06:00:03	HK2-Log	Kleiner Saal Raumvariable: HKG-Raum-KlSaal=0,H,IP,20,0,30,Heizgruppe: Kleiner Saal:1
2025-11-19 06:00:03	HK2-Log	Kleiner Saal berechne Zeiten mit Raum-Zeitversatz 14:00:00 / 15:30:00
2025-11-19 06:00:03	HK2-Log	Kleiner Saal berechne Startpunkt mit Temp-Zeitversatz 13:10:00 Parameter: IP
2025-11-19 06:00:03	HK2-Log	Kleiner Saal Gruppe HKG-Raum-KlSaal ist ausgeschaltet
2025-11-19 06:00:03	HK2-Log	Kleiner Saal Einschaltpunkt noch nicht erreicht
2025-11-19 06:00:03	HK2-Log	Kleiner Saal Raumvariable: HKG-Raum-Foyer=0,H,IP,20,0,30,Heizgruppe: Foyer:1
2025-11-19 06:00:03	HK2-Log	Kleiner Saal berechne Zeiten mit Raum-Zeitversatz 14:00:00 / 15:30:00
2025-11-19 06:00:03	HK2-Log	Kleiner Saal berechne Startpunkt mit Temp-Zeitversatz 13:10:00 Parameter: IP
2025-11-19 06:00:03	HK2-Log	Kleiner Saal Gruppe HKG-Raum-Foyer ist ausgeschaltet
2025-11-19 06:00:03	HK2-Log	Kleiner Saal Einschaltpunkt noch nicht erreicht
2025-11-19 06:00:03	HK2-Log	Kleiner Saal Raumvariable: HKG-Raum-WCs=0,H,IP,18,0,30,Heizgruppe: WCs:1
2025-11-19 06:00:03	HK2-Log	Kleiner Saal berechne Zeiten mit Raum-Zeitversatz 14:00:00 / 15:30:00
2025-11-19 06:00:03	HK2-Log	Kleiner Saal berechne Startpunkt mit Temp-Zeitversatz 13:10:00 Parameter: IP
2025-11-19 06:00:03	HK2-Log	Kleiner Saal Gruppe HKG-Raum-WCs ist ausgeschaltet
2025-11-19 06:00:03	HK2-Log	Kleiner Saal Einschaltpunkt noch nicht erreicht
2025-11-19 06:00:03	HK2-Log	Ende Schaltskriptlauf
2025-11-19 06:05:00	HK1-Log	Beginn ChurchTools-Skriptlauf
2025-11-19 06:05:01	HK1-Log	Raum 2: 14:00:00 / 16:00:00 Heizen/Schalten: 1
2025-11-19 06:05:01	HK1-Log	Schaltliste unverändert
2025-11-19 06:05:01	HK1-Log	Ende ChurchTools-Skriptlauf
2025-11-19 06:05:01	HK2-Log	Beginn Schaltskriptlauf
2025-11-19 06:05:01	HK2-Log	Vollständige Raumliste: HKG-Raum-GrSaal+HKG-Raum-Foyer+HKG-Raum-WCs,HKG-Raum-KlSaal+HKG-Raum-Foyer+HKG-Raum-WCs,HKG-Raum-Küche,HKG-Raum-JuHu+HKG-Raum-VorraumKüche+HKG-Raum-Dreiecksraum,HKG-Raum-KiGo
2025-11-19 06:05:01	HK2-Log	Schaltlisteneintrag 2 Heizen: 14:00:00 / 16:00:00  R-Temp 0
2025-11-19 06:05:01	HK2-Log	Kleiner Saal Raumliste: HKG-Raum-KlSaal+HKG-Raum-Foyer+HKG-Raum-WCs
2025-11-19 06:05:01	HK2-Log	Kleiner Saal Raumvariable: HKG-Raum-KlSaal=0,H,IP,20,0,30,Heizgruppe: Kleiner Saal:1
2025-11-19 06:05:01	HK2-Log	Kleiner Saal berechne Zeiten mit Raum-Zeitversatz 14:00:00 / 15:30:00
2025-11-19 06:05:01	HK2-Log	Kleiner Saal berechne Startpunkt mit Temp-Zeitversatz 13:10:00 Parameter: IP
2025-11-19 06:05:01	HK2-Log	Kleiner Saal Gruppe HKG-Raum-KlSaal ist ausgeschaltet
2025-11-19 06:05:01	HK2-Log	Kleiner Saal Einschaltpunkt noch nicht erreicht
2025-11-19 06:05:01	HK2-Log	Kleiner Saal Raumvariable: HKG-Raum-Foyer=0,H,IP,20,0,30,Heizgruppe: Foyer:1
2025-11-19 06:05:01	HK2-Log	Kleiner Saal berechne Zeiten mit Raum-Zeitversatz 14:00:00 / 15:30:00
2025-11-19 06:05:01	HK2-Log	Kleiner Saal berechne Startpunkt mit Temp-Zeitversatz 13:10:00 Parameter: IP
2025-11-19 06:05:01	HK2-Log	Kleiner Saal Gruppe HKG-Raum-Foyer ist ausgeschaltet
2025-11-19 06:05:01	HK2-Log	Kleiner Saal Einschaltpunkt noch nicht erreicht
2025-11-19 06:05:01	HK2-Log	Kleiner Saal Raumvariable: HKG-Raum-WCs=0,H,IP,18,0,30,Heizgruppe: WCs:1
2025-11-19 06:05:01	HK2-Log	Kleiner Saal berechne Zeiten mit Raum-Zeitversatz 14:00:00 / 15:30:00
2025-11-19 06:05:01	HK2-Log	Kleiner Saal berechne Startpunkt mit Temp-Zeitversatz 13:10:00 Parameter: IP
2025-11-19 06:05:01	HK2-Log	Kleiner Saal Gruppe HKG-Raum-WCs ist ausgeschaltet
2025-11-19 06:05:01	HK2-Log	Kleiner Saal Einschaltpunkt noch nicht erreicht
2025-11-19 06:05:01	HK2-Log	Ende Schaltskriptlauf
2025-11-19 06:10:00	HK1-Log	Beginn ChurchTools-Skriptlauf
2025-11-19 06:10:01	HK1-Log	Raum 2: 14:00:00 / 16:00:00 Heizen/Schalten: 1
2025-11-19 06:10:01	HK1-Log	Schaltliste unverändert
2025-11-19 06:10:01	HK1-Log	Ende ChurchTools-Skriptlauf
2025-11-19 06:10:01	HK2-Log	Beginn Schaltskriptlauf
2025-11-19 06:10:01	HK2-Log	Vollständige Raumliste: HKG-Raum-GrSaal+HKG-Raum-Foyer+HKG-Raum-WCs,HKG-Raum-KlSaal+HKG-Raum-Foyer+HKG-Raum-WCs,HKG-Raum-Küche,HKG-Raum-JuHu+HKG-Raum-VorraumKüche+HKG-Raum-Dreiecksraum,HKG-Raum-KiGo
2025-11-19 06:10:01	HK2-Log	Schaltlisteneintrag 2 Heizen: 14:00:00 / 16:00:00  R-Temp 0
2025-11-19 06:10:01	HK2-Log	Kleiner Saal Raumliste: HKG-Raum-KlSaal+HKG-Raum-Foyer+HKG-Raum-WCs
2025-11-19 06:10:01	HK2-Log	Kleiner Saal Raumvariable: HKG-Raum-KlSaal=0,H,IP,20,0,30,Heizgruppe: Kleiner Saal:1
2025-11-19 06:10:01	HK2-Log	Kleiner Saal berechne Zeiten mit Raum-Zeitversatz 14:00:00 / 15:30:00
2025-11-19 06:10:01	HK2-Log	Kleiner Saal berechne Startpunkt mit Temp-Zeitversatz 13:10:00 Parameter: IP
2025-11-19 06:10:01	HK2-Log	Kleiner Saal Gruppe HKG-Raum-KlSaal ist ausgeschaltet
2025-11-19 06:10:01	HK2-Log	Kleiner Saal Einschaltpunkt noch nicht erreicht
2025-11-19 06:10:01	HK2-Log	Kleiner Saal Raumvariable: HKG-Raum-Foyer=0,H,IP,20,0,30,Heizgruppe: Foyer:1
2025-11-19 06:10:01	HK2-Log	Kleiner Saal berechne Zeiten mit Raum-Zeitversatz 14:00:00 / 15:30:00
2025-11-19 06:10:01	HK2-Log	Kleiner Saal berechne Startpunkt mit Temp-Zeitversatz 13:10:00 Parameter: IP
2025-11-19 06:10:01	HK2-Log	Kleiner Saal Gruppe HKG-Raum-Foyer ist ausgeschaltet
2025-11-19 06:10:01	HK2-Log	Kleiner Saal Einschaltpunkt noch nicht erreicht
2025-11-19 06:10:01	HK2-Log	Kleiner Saal Raumvariable: HKG-Raum-WCs=0,H,IP,18,0,30,Heizgruppe: WCs:1
2025-11-19 06:10:01	HK2-Log	Kleiner Saal berechne Zeiten mit Raum-Zeitversatz 14:00:00 / 15:30:00
2025-11-19 06:10:01	HK2-Log	Kleiner Saal berechne Startpunkt mit Temp-Zeitversatz 13:10:00 Parameter: IP
2025-11-19 06:10:01	HK2-Log	Kleiner Saal Gruppe HKG-Raum-WCs ist ausgeschaltet
2025-11-19 06:10:01	HK2-Log	Kleiner Saal Einschaltpunkt noch nicht erreicht
2025-11-19 06:10:01	HK2-Log	Ende Schaltskriptlauf
2025-11-19 06:15:00	HK1-Log	Beginn ChurchTools-Skriptlauf
2025-11-19 06:15:01	HK1-Log	Raum 2: 14:00:00 / 16:00:00 Heizen/Schalten: 1
2025-11-19 06:15:01	HK1-Log	Schaltliste unverändert
2025-11-19 06:15:01	HK1-Log	Ende ChurchTools-Skriptlauf
2025-11-19 06:15:01	HK2-Log	Beginn Schaltskriptlauf
2025-11-19 06:15:01	HK2-Log	Vollständige Raumliste: HKG-Raum-GrSaal+HKG-Raum-Foyer+HKG-Raum-WCs,HKG-Raum-KlSaal+HKG-Raum-Foyer+HKG-Raum-WCs,HKG-Raum-Küche,HKG-Raum-JuHu+HKG-Raum-VorraumKüche+HKG-Raum-Dreiecksraum,HKG-Raum-KiGo
2025-11-19 06:15:01	HK2-Log	Schaltlisteneintrag 2 Heizen: 14:00:00 / 16:00:00  R-Temp 0
2025-11-19 06:15:01	HK2-Log	Kleiner Saal Raumliste: HKG-Raum-KlSaal+HKG-Raum-Foyer+HKG-Raum-WCs
2025-11-19 06:15:01	HK2-Log	Kleiner Saal Raumvariable: HKG-Raum-KlSaal=0,H,IP,20,0,30,Heizgruppe: Kleiner Saal:1
2025-11-19 06:15:01	HK2-Log	Kleiner Saal berechne Zeiten mit Raum-Zeitversatz 14:00:00 / 15:30:00
2025-11-19 06:15:01	HK2-Log	Kleiner Saal berechne Startpunkt mit Temp-Zeitversatz 13:10:00 Parameter: IP
2025-11-19 06:15:01	HK2-Log	Kleiner Saal Gruppe HKG-Raum-KlSaal ist ausgeschaltet
2025-11-19 06:15:01	HK2-Log	Kleiner Saal Einschaltpunkt noch nicht erreicht
2025-11-19 06:15:01	HK2-Log	Kleiner Saal Raumvariable: HKG-Raum-Foyer=0,H,IP,20,0,30,Heizgruppe: Foyer:1
2025-11-19 06:15:01	HK2-Log	Kleiner Saal berechne Zeiten mit Raum-Zeitversatz 14:00:00 / 15:30:00
2025-11-19 06:15:01	HK2-Log	Kleiner Saal berechne Startpunkt mit Temp-Zeitversatz 13:10:00 Parameter: IP
2025-11-19 06:15:01	HK2-Log	Kleiner Saal Gruppe HKG-Raum-Foyer ist ausgeschaltet
2025-11-19 06:15:01	HK2-Log	Kleiner Saal Einschaltpunkt noch nicht erreicht
2025-11-19 06:15:01	HK2-Log	Kleiner Saal Raumvariable: HKG-Raum-WCs=0,H,IP,18,0,30,Heizgruppe: WCs:1
2025-11-19 06:15:01	HK2-Log	Kleiner Saal berechne Zeiten mit Raum-Zeitversatz 14:00:00 / 15:30:00
2025-11-19 06:15:01	HK2-Log	Kleiner Saal berechne Startpunkt mit Temp-Zeitversatz 13:10:00 Parameter: IP
2025-11-19 06:15:01	HK2-Log	Kleiner Saal Gruppe HKG-Raum-WCs ist ausgeschaltet
2025-11-19 06:15:01	HK2-Log	Kleiner Saal Einschaltpunkt noch nicht erreicht
2025-11-19 06:15:01	HK2-Log	Ende Schaltskriptlauf
2025-11-19 06:20:00	HK1-Log	Beginn ChurchTools-Skriptlauf
2025-11-19 06:20:01	HK1-Log	Raum 2: 14:00:00 / 16:00:00 Heizen/Schalten: 1
2025-11-19 06:20:01	HK1-Log	Schaltliste unverändert
2025-11-19 06:20:01	HK1-Log	Ende ChurchTools-Skriptlauf
2025-11-19 06:20:01	HK2-Log	Beginn Schaltskriptlauf
2025-11-19 06:20:01	HK2-Log	Vollständige Raumliste: HKG-Raum-GrSaal+HKG-Raum-Foyer+HKG-Raum-WCs,HKG-Raum-KlSaal+HKG-Raum-Foyer+HKG-Raum-WCs,HKG-Raum-Küche,HKG-Raum-JuHu+HKG-Raum-VorraumKüche+HKG-Raum-Dreiecksraum,HKG-Raum-KiGo
2025-11-19 06:20:01	HK2-Log	Schaltlisteneintrag 2 Heizen: 14:00:00 / 16:00:00  R-Temp 0
2025-11-19 06:20:01	HK2-Log	Kleiner Saal Raumliste: HKG-Raum-KlSaal+HKG-Raum-Foyer+HKG-Raum-WCs
2025-11-19 06:20:01	HK2-Log	Kleiner Saal Raumvariable: HKG-Raum-KlSaal=0,H,IP,20,0,30,Heizgruppe: Kleiner Saal:1
2025-11-19 06:20:01	HK2-Log	Kleiner Saal berechne Zeiten mit Raum-Zeitversatz 14:00:00 / 15:30:00
2025-11-19 06:20:01	HK2-Log	Kleiner Saal berechne Startpunkt mit Temp-Zeitversatz 13:10:00 Parameter: IP
2025-11-19 06:20:01	HK2-Log	Kleiner Saal Gruppe HKG-Raum-KlSaal ist ausgeschaltet
2025-11-19 06:20:01	HK2-Log	Kleiner Saal Einschaltpunkt noch nicht erreicht
2025-11-19 06:20:01	HK2-Log	Kleiner Saal Raumvariable: HKG-Raum-Foyer=0,H,IP,20,0,30,Heizgruppe: Foyer:1
2025-11-19 06:20:01	HK2-Log	Kleiner Saal berechne Zeiten mit Raum-Zeitversatz 14:00:00 / 15:30:00
2025-11-19 06:20:01	HK2-Log	Kleiner Saal berechne Startpunkt mit Temp-Zeitversatz 13:10:00 Parameter: IP
2025-11-19 06:20:01	HK2-Log	Kleiner Saal Gruppe HKG-Raum-Foyer ist ausgeschaltet
2025-11-19 06:20:01	HK2-Log	Kleiner Saal Einschaltpunkt noch nicht erreicht
2025-11-19 06:20:01	HK2-Log	Kleiner Saal Raumvariable: HKG-Raum-WCs=0,H,IP,18,0,30,Heizgruppe: WCs:1
2025-11-19 06:20:01	HK2-Log	Kleiner Saal berechne Zeiten mit Raum-Zeitversatz 14:00:00 / 15:30:00
2025-11-19 06:20:01	HK2-Log	Kleiner Saal berechne Startpunkt mit Temp-Zeitversatz 13:10:00 Parameter: IP
2025-11-19 06:20:01	HK2-Log	Kleiner Saal Gruppe HKG-Raum-WCs ist ausgeschaltet
2025-11-19 06:20:01	HK2-Log	Kleiner Saal Einschaltpunkt noch nicht erreicht
2025-11-19 06:20:01	HK2-Log	Ende Schaltskriptlauf
2025-11-19 06:25:00	HK1-Log	Beginn ChurchTools-Skriptlauf
2025-11-19 06:25:01	HK1-Log	Raum 2: 14:00:00 / 16:00:00 Heizen/Schalten: 1
2025-11-19 06:25:01	HK1-Log	Schaltliste unverändert
2025-11-19 06:25:01	HK1-Log	Ende ChurchTools-Skriptlauf
2025-11-19 06:25:01	HK2-Log	Beginn Schaltskriptlauf
2025-11-19 06:25:01	HK2-Log	Vollständige Raumliste: HKG-Raum-GrSaal+HKG-Raum-Foyer+HKG-Raum-WCs,HKG-Raum-KlSaal+HKG-Raum-Foyer+HKG-Raum-WCs,HKG-Raum-Küche,HKG-Raum-JuHu+HKG-Raum-VorraumKüche+HKG-Raum-Dreiecksraum,HKG-Raum-KiGo
2025-11-19 06:25:01	HK2-Log	Schaltlisteneintrag 2 Heizen: 14:00:00 / 16:00:00  R-Temp 0
2025-11-19 06:25:01	HK2-Log	Kleiner Saal Raumliste: HKG-Raum-KlSaal+HKG-Raum-Foyer+HKG-Raum-WCs
2025-11-19 06:25:01	HK2-Log	Kleiner Saal Raumvariable: HKG-Raum-KlSaal=0,H,IP,20,0,30,Heizgruppe: Kleiner Saal:1
2025-11-19 06:25:01	HK2-Log	Kleiner Saal berechne Zeiten mit Raum-Zeitversatz 14:00:00 / 15:30:00
2025-11-19 06:25:01	HK2-Log	Kleiner Saal berechne Startpunkt mit Temp-Zeitversatz 13:10:00 Parameter: IP
2025-11-19 06:25:01	HK2-Log	Kleiner Saal Gruppe HKG-Raum-KlSaal ist ausgeschaltet
2025-11-19 06:25:01	HK2-Log	Kleiner Saal Einschaltpunkt noch nicht erreicht
2025-11-19 06:25:01	HK2-Log	Kleiner Saal Raumvariable: HKG-Raum-Foyer=0,H,IP,20,0,30,Heizgruppe: Foyer:1
2025-11-19 06:25:01	HK2-Log	Kleiner Saal berechne Zeiten mit Raum-Zeitversatz 14:00:00 / 15:30:00
2025-11-19 06:25:01	HK2-Log	Kleiner Saal berechne Startpunkt mit Temp-Zeitversatz 13:10:00 Parameter: IP
2025-11-19 06:25:01	HK2-Log	Kleiner Saal Gruppe HKG-Raum-Foyer ist ausgeschaltet
2025-11-19 06:25:01	HK2-Log	Kleiner Saal Einschaltpunkt noch nicht erreicht
2025-11-19 06:25:01	HK2-Log	Kleiner Saal Raumvariable: HKG-Raum-WCs=0,H,IP,18,0,30,Heizgruppe: WCs:1
2025-11-19 06:25:01	HK2-Log	Kleiner Saal berechne Zeiten mit Raum-Zeitversatz 14:00:00 / 15:30:00
2025-11-19 06:25:01	HK2-Log	Kleiner Saal berechne Startpunkt mit Temp-Zeitversatz 13:10:00 Parameter: IP
2025-11-19 06:25:01	HK2-Log	Kleiner Saal Gruppe HKG-Raum-WCs ist ausgeschaltet
2025-11-19 06:25:01	HK2-Log	Kleiner Saal Einschaltpunkt noch nicht erreicht
2025-11-19 06:25:01	HK2-Log	Ende Schaltskriptlauf
2025-11-19 06:30:00	HK1-Log	Beginn ChurchTools-Skriptlauf
2025-11-19 06:30:01	HK1-Log	Raum 2: 14:00:00 / 16:00:00 Heizen/Schalten: 1
2025-11-19 06:30:01	HK1-Log	Schaltliste unverändert
2025-11-19 06:30:01	HK1-Log	Ende ChurchTools-Skriptlauf
2025-11-19 06:30:01	HK2-Log	Beginn Schaltskriptlauf
2025-11-19 06:30:01	HK2-Log	Vollständige Raumliste: HKG-Raum-GrSaal+HKG-Raum-Foyer+HKG-Raum-WCs,HKG-Raum-KlSaal+HKG-Raum-Foyer+HKG-Raum-WCs,HKG-Raum-Küche,HKG-Raum-JuHu+HKG-Raum-VorraumKüche+HKG-Raum-Dreiecksraum,HKG-Raum-KiGo
2025-11-19 06:30:01	HK2-Log	Schaltlisteneintrag 2 Heizen: 14:00:00 / 16:00:00  R-Temp 0
2025-11-19 06:30:01	HK2-Log	Kleiner Saal Raumliste: HKG-Raum-KlSaal+HKG-Raum-Foyer+HKG-Raum-WCs
2025-11-19 06:30:01	HK2-Log	Kleiner Saal Raumvariable: HKG-Raum-KlSaal=0,H,IP,20,0,30,Heizgruppe: Kleiner Saal:1
2025-11-19 06:30:01	HK2-Log	Kleiner Saal berechne Zeiten mit Raum-Zeitversatz 14:00:00 / 15:30:00
2025-11-19 06:30:01	HK2-Log	Kleiner Saal berechne Startpunkt mit Temp-Zeitversatz 13:10:00 Parameter: IP
2025-11-19 06:30:01	HK2-Log	Kleiner Saal Gruppe HKG-Raum-KlSaal ist ausgeschaltet
2025-11-19 06:30:01	HK2-Log	Kleiner Saal Einschaltpunkt noch nicht erreicht
2025-11-19 06:30:01	HK2-Log	Kleiner Saal Raumvariable: HKG-Raum-Foyer=0,H,IP,20,0,30,Heizgruppe: Foyer:1
2025-11-19 06:30:01	HK2-Log	Kleiner Saal berechne Zeiten mit Raum-Zeitversatz 14:00:00 / 15:30:00
2025-11-19 06:30:01	HK2-Log	Kleiner Saal berechne Startpunkt mit Temp-Zeitversatz 13:10:00 Parameter: IP
2025-11-19 06:30:01	HK2-Log	Kleiner Saal Gruppe HKG-Raum-Foyer ist ausgeschaltet
2025-11-19 06:30:01	HK2-Log	Kleiner Saal Einschaltpunkt noch nicht erreicht
2025-11-19 06:30:01	HK2-Log	Kleiner Saal Raumvariable: HKG-Raum-WCs=0,H,IP,18,0,30,Heizgruppe: WCs:1
2025-11-19 06:30:01	HK2-Log	Kleiner Saal berechne Zeiten mit Raum-Zeitversatz 14:00:00 / 15:30:00
2025-11-19 06:30:01	HK2-Log	Kleiner Saal berechne Startpunkt mit Temp-Zeitversatz 13:10:00 Parameter: IP
2025-11-19 06:30:01	HK2-Log	Kleiner Saal Gruppe HKG-Raum-WCs ist ausgeschaltet
2025-11-19 06:30:01	HK2-Log	Kleiner Saal Einschaltpunkt noch nicht erreicht
2025-11-19 06:30:01	HK2-Log	Ende Schaltskriptlauf
2025-11-19 06:35:00	HK1-Log	Beginn ChurchTools-Skriptlauf
2025-11-19 06:35:01	HK1-Log	Raum 2: 14:00:00 / 16:00:00 Heizen/Schalten: 1
2025-11-19 06:35:01	HK1-Log	Schaltliste unverändert
2025-11-19 06:35:01	HK1-Log	Ende ChurchTools-Skriptlauf
2025-11-19 06:35:01	HK2-Log	Beginn Schaltskriptlauf
2025-11-19 06:35:01	HK2-Log	Vollständige Raumliste: HKG-Raum-GrSaal+HKG-Raum-Foyer+HKG-Raum-WCs,HKG-Raum-KlSaal+HKG-Raum-Foyer+HKG-Raum-WCs,HKG-Raum-Küche,HKG-Raum-JuHu+HKG-Raum-VorraumKüche+HKG-Raum-Dreiecksraum,HKG-Raum-KiGo
2025-11-19 06:35:01	HK2-Log	Schaltlisteneintrag 2 Heizen: 14:00:00 / 16:00:00  R-Temp 0
2025-11-19 06:35:01	HK2-Log	Kleiner Saal Raumliste: HKG-Raum-KlSaal+HKG-Raum-Foyer+HKG-Raum-WCs
2025-11-19 06:35:01	HK2-Log	Kleiner Saal Raumvariable: HKG-Raum-KlSaal=0,H,IP,20,0,30,Heizgruppe: Kleiner Saal:1
2025-11-19 06:35:01	HK2-Log	Kleiner Saal berechne Zeiten mit Raum-Zeitversatz 14:00:00 / 15:30:00
2025-11-19 06:35:01	HK2-Log	Kleiner Saal berechne Startpunkt mit Temp-Zeitversatz 13:10:00 Parameter: IP
2025-11-19 06:35:01	HK2-Log	Kleiner Saal Gruppe HKG-Raum-KlSaal ist ausgeschaltet
2025-11-19 06:35:01	HK2-Log	Kleiner Saal Einschaltpunkt noch nicht erreicht
2025-11-19 06:35:01	HK2-Log	Kleiner Saal Raumvariable: HKG-Raum-Foyer=0,H,IP,20,0,30,Heizgruppe: Foyer:1
2025-11-19 06:35:01	HK2-Log	Kleiner Saal berechne Zeiten mit Raum-Zeitversatz 14:00:00 / 15:30:00
2025-11-19 06:35:01	HK2-Log	Kleiner Saal berechne Startpunkt mit Temp-Zeitversatz 13:10:00 Parameter: IP
2025-11-19 06:35:01	HK2-Log	Kleiner Saal Gruppe HKG-Raum-Foyer ist ausgeschaltet
2025-11-19 06:35:01	HK2-Log	Kleiner Saal Einschaltpunkt noch nicht erreicht
2025-11-19 06:35:01	HK2-Log	Kleiner Saal Raumvariable: HKG-Raum-WCs=0,H,IP,18,0,30,Heizgruppe: WCs:1
2025-11-19 06:35:01	HK2-Log	Kleiner Saal berechne Zeiten mit Raum-Zeitversatz 14:00:00 / 15:30:00
2025-11-19 06:35:01	HK2-Log	Kleiner Saal berechne Startpunkt mit Temp-Zeitversatz 13:10:00 Parameter: IP
2025-11-19 06:35:01	HK2-Log	Kleiner Saal Gruppe HKG-Raum-WCs ist ausgeschaltet
2025-11-19 06:35:01	HK2-Log	Kleiner Saal Einschaltpunkt noch nicht erreicht
2025-11-19 06:35:01	HK2-Log	Ende Schaltskriptlauf
2025-11-19 06:40:00	HK1-Log	Beginn ChurchTools-Skriptlauf
2025-11-19 06:40:01	HK1-Log	Raum 2: 14:00:00 / 16:00:00 Heizen/Schalten: 1
2025-11-19 06:40:01	HK1-Log	Schaltliste unverändert
2025-11-19 06:40:01	HK1-Log	Ende ChurchTools-Skriptlauf
2025-11-19 06:40:01	HK2-Log	Beginn Schaltskriptlauf
2025-11-19 06:40:01	HK2-Log	Vollständige Raumliste: HKG-Raum-GrSaal+HKG-Raum-Foyer+HKG-Raum-WCs,HKG-Raum-KlSaal+HKG-Raum-Foyer+HKG-Raum-WCs,HKG-Raum-Küche,HKG-Raum-JuHu+HKG-Raum-VorraumKüche+HKG-Raum-Dreiecksraum,HKG-Raum-KiGo
2025-11-19 06:40:01	HK2-Log	Schaltlisteneintrag 2 Heizen: 14:00:00 / 16:00:00  R-Temp 0
2025-11-19 06:40:01	HK2-Log	Kleiner Saal Raumliste: HKG-Raum-KlSaal+HKG-Raum-Foyer+HKG-Raum-WCs
2025-11-19 06:40:01	HK2-Log	Kleiner Saal Raumvariable: HKG-Raum-KlSaal=0,H,IP,20,0,30,Heizgruppe: Kleiner Saal:1
2025-11-19 06:40:01	HK2-Log	Kleiner Saal berechne Zeiten mit Raum-Zeitversatz 14:00:00 / 15:30:00
2025-11-19 06:40:01	HK2-Log	Kleiner Saal berechne Startpunkt mit Temp-Zeitversatz 13:10:00 Parameter: IP
2025-11-19 06:40:01	HK2-Log	Kleiner Saal Gruppe HKG-Raum-KlSaal ist ausgeschaltet
2025-11-19 06:40:01	HK2-Log	Kleiner Saal Einschaltpunkt noch nicht erreicht
2025-11-19 06:40:01	HK2-Log	Kleiner Saal Raumvariable: HKG-Raum-Foyer=0,H,IP,20,0,30,Heizgruppe: Foyer:1
2025-11-19 06:40:01	HK2-Log	Kleiner Saal berechne Zeiten mit Raum-Zeitversatz 14:00:00 / 15:30:00
2025-11-19 06:40:01	HK2-Log	Kleiner Saal berechne Startpunkt mit Temp-Zeitversatz 13:10:00 Parameter: IP
2025-11-19 06:40:01	HK2-Log	Kleiner Saal Gruppe HKG-Raum-Foyer ist ausgeschaltet
2025-11-19 06:40:01	HK2-Log	Kleiner Saal Einschaltpunkt noch nicht erreicht
2025-11-19 06:40:01	HK2-Log	Kleiner Saal Raumvariable: HKG-Raum-WCs=0,H,IP,18,0,30,Heizgruppe: WCs:1
2025-11-19 06:40:01	HK2-Log	Kleiner Saal berechne Zeiten mit Raum-Zeitversatz 14:00:00 / 15:30:00
2025-11-19 06:40:01	HK2-Log	Kleiner Saal berechne Startpunkt mit Temp-Zeitversatz 13:10:00 Parameter: IP
2025-11-19 06:40:01	HK2-Log	Kleiner Saal Gruppe HKG-Raum-WCs ist ausgeschaltet
2025-11-19 06:40:01	HK2-Log	Kleiner Saal Einschaltpunkt noch nicht erreicht
2025-11-19 06:40:01	HK2-Log	Ende Schaltskriptlauf
2025-11-19 06:45:00	HK1-Log	Beginn ChurchTools-Skriptlauf
2025-11-19 06:45:01	HK1-Log	Raum 2: 14:00:00 / 16:00:00 Heizen/Schalten: 1
2025-11-19 06:45:01	HK1-Log	Schaltliste unverändert
2025-11-19 06:45:01	HK1-Log	Ende ChurchTools-Skriptlauf
2025-11-19 06:45:01	HK2-Log	Beginn Schaltskriptlauf
2025-11-19 06:45:01	HK2-Log	Vollständige Raumliste: HKG-Raum-GrSaal+HKG-Raum-Foyer+HKG-Raum-WCs,HKG-Raum-KlSaal+HKG-Raum-Foyer+HKG-Raum-WCs,HKG-Raum-Küche,HKG-Raum-JuHu+HKG-Raum-VorraumKüche+HKG-Raum-Dreiecksraum,HKG-Raum-KiGo
2025-11-19 06:45:01	HK2-Log	Schaltlisteneintrag 2 Heizen: 14:00:00 / 16:00:00  R-Temp 0
2025-11-19 06:45:01	HK2-Log	Kleiner Saal Raumliste: HKG-Raum-KlSaal+HKG-Raum-Foyer+HKG-Raum-WCs
2025-11-19 06:45:01	HK2-Log	Kleiner Saal Raumvariable: HKG-Raum-KlSaal=0,H,IP,20,0,30,Heizgruppe: Kleiner Saal:1
2025-11-19 06:45:01	HK2-Log	Kleiner Saal berechne Zeiten mit Raum-Zeitversatz 14:00:00 / 15:30:00
2025-11-19 06:45:01	HK2-Log	Kleiner Saal berechne Startpunkt mit Temp-Zeitversatz 13:10:00 Parameter: IP
2025-11-19 06:45:01	HK2-Log	Kleiner Saal Gruppe HKG-Raum-KlSaal ist ausgeschaltet
2025-11-19 06:45:01	HK2-Log	Kleiner Saal Einschaltpunkt noch nicht erreicht
2025-11-19 06:45:01	HK2-Log	Kleiner Saal Raumvariable: HKG-Raum-Foyer=0,H,IP,20,0,30,Heizgruppe: Foyer:1
2025-11-19 06:45:01	HK2-Log	Kleiner Saal berechne Zeiten mit Raum-Zeitversatz 14:00:00 / 15:30:00
2025-11-19 06:45:01	HK2-Log	Kleiner Saal berechne Startpunkt mit Temp-Zeitversatz 13:10:00 Parameter: IP
2025-11-19 06:45:01	HK2-Log	Kleiner Saal Gruppe HKG-Raum-Foyer ist ausgeschaltet
2025-11-19 06:45:01	HK2-Log	Kleiner Saal Einschaltpunkt noch nicht erreicht
2025-11-19 06:45:01	HK2-Log	Kleiner Saal Raumvariable: HKG-Raum-WCs=0,H,IP,18,0,30,Heizgruppe: WCs:1
2025-11-19 06:45:01	HK2-Log	Kleiner Saal berechne Zeiten mit Raum-Zeitversatz 14:00:00 / 15:30:00
2025-11-19 06:45:01	HK2-Log	Kleiner Saal berechne Startpunkt mit Temp-Zeitversatz 13:10:00 Parameter: IP
2025-11-19 06:45:01	HK2-Log	Kleiner Saal Gruppe HKG-Raum-WCs ist ausgeschaltet
2025-11-19 06:45:01	HK2-Log	Kleiner Saal Einschaltpunkt noch nicht erreicht
2025-11-19 06:45:01	HK2-Log	Ende Schaltskriptlauf
2025-11-19 06:50:00	HK1-Log	Beginn ChurchTools-Skriptlauf
2025-11-19 06:50:01	HK1-Log	Raum 2: 14:00:00 / 16:00:00 Heizen/Schalten: 1
2025-11-19 06:50:01	HK1-Log	Schaltliste unverändert
2025-11-19 06:50:01	HK1-Log	Ende ChurchTools-Skriptlauf
2025-11-19 06:50:01	HK2-Log	Beginn Schaltskriptlauf
2025-11-19 06:50:01	HK2-Log	Vollständige Raumliste: HKG-Raum-GrSaal+HKG-Raum-Foyer+HKG-Raum-WCs,HKG-Raum-KlSaal+HKG-Raum-Foyer+HKG-Raum-WCs,HKG-Raum-Küche,HKG-Raum-JuHu+HKG-Raum-VorraumKüche+HKG-Raum-Dreiecksraum,HKG-Raum-KiGo
2025-11-19 06:50:01	HK2-Log	Schaltlisteneintrag 2 Heizen: 14:00:00 / 16:00:00  R-Temp 0
2025-11-19 06:50:01	HK2-Log	Kleiner Saal Raumliste: HKG-Raum-KlSaal+HKG-Raum-Foyer+HKG-Raum-WCs
2025-11-19 06:50:01	HK2-Log	Kleiner Saal Raumvariable: HKG-Raum-KlSaal=0,H,IP,20,0,30,Heizgruppe: Kleiner Saal:1
2025-11-19 06:50:01	HK2-Log	Kleiner Saal berechne Zeiten mit Raum-Zeitversatz 14:00:00 / 15:30:00
2025-11-19 06:50:01	HK2-Log	Kleiner Saal berechne Startpunkt mit Temp-Zeitversatz 13:10:00 Parameter: IP
2025-11-19 06:50:01	HK2-Log	Kleiner Saal Gruppe HKG-Raum-KlSaal ist ausgeschaltet
2025-11-19 06:50:01	HK2-Log	Kleiner Saal Einschaltpunkt noch nicht erreicht
2025-11-19 06:50:01	HK2-Log	Kleiner Saal Raumvariable: HKG-Raum-Foyer=0,H,IP,20,0,30,Heizgruppe: Foyer:1
2025-11-19 06:50:01	HK2-Log	Kleiner Saal berechne Zeiten mit Raum-Zeitversatz 14:00:00 / 15:30:00
2025-11-19 06:50:01	HK2-Log	Kleiner Saal berechne Startpunkt mit Temp-Zeitversatz 13:10:00 Parameter: IP
2025-11-19 06:50:01	HK2-Log	Kleiner Saal Gruppe HKG-Raum-Foyer ist ausgeschaltet
2025-11-19 06:50:01	HK2-Log	Kleiner Saal Einschaltpunkt noch nicht erreicht
2025-11-19 06:50:01	HK2-Log	Kleiner Saal Raumvariable: HKG-Raum-WCs=0,H,IP,18,0,30,Heizgruppe: WCs:1
2025-11-19 06:50:01	HK2-Log	Kleiner Saal berechne Zeiten mit Raum-Zeitversatz 14:00:00 / 15:30:00
2025-11-19 06:50:01	HK2-Log	Kleiner Saal berechne Startpunkt mit Temp-Zeitversatz 13:10:00 Parameter: IP
2025-11-19 06:50:01	HK2-Log	Kleiner Saal Gruppe HKG-Raum-WCs ist ausgeschaltet
2025-11-19 06:50:01	HK2-Log	Kleiner Saal Einschaltpunkt noch nicht erreicht
2025-11-19 06:50:01	HK2-Log	Ende Schaltskriptlauf
2025-11-19 06:55:00	HK1-Log	Beginn ChurchTools-Skriptlauf
2025-11-19 06:55:01	HK1-Log	Raum 2: 14:00:00 / 16:00:00 Heizen/Schalten: 1
2025-11-19 06:55:01	HK1-Log	Schaltliste unverändert
2025-11-19 06:55:01	HK1-Log	Ende ChurchTools-Skriptlauf
2025-11-19 06:55:01	HK2-Log	Beginn Schaltskriptlauf
2025-11-19 06:55:01	HK2-Log	Vollständige Raumliste: HKG-Raum-GrSaal+HKG-Raum-Foyer+HKG-Raum-WCs,HKG-Raum-KlSaal+HKG-Raum-Foyer+HKG-Raum-WCs,HKG-Raum-Küche,HKG-Raum-JuHu+HKG-Raum-VorraumKüche+HKG-Raum-Dreiecksraum,HKG-Raum-KiGo
2025-11-19 06:55:01	HK2-Log	Schaltlisteneintrag 2 Heizen: 14:00:00 / 16:00:00  R-Temp 0
2025-11-19 06:55:01	HK2-Log	Kleiner Saal Raumliste: HKG-Raum-KlSaal+HKG-Raum-Foyer+HKG-Raum-WCs
2025-11-19 06:55:01	HK2-Log	Kleiner Saal Raumvariable: HKG-Raum-KlSaal=0,H,IP,20,0,30,Heizgruppe: Kleiner Saal:1
2025-11-19 06:55:01	HK2-Log	Kleiner Saal berechne Zeiten mit Raum-Zeitversatz 14:00:00 / 15:30:00
2025-11-19 06:55:01	HK2-Log	Kleiner Saal berechne Startpunkt mit Temp-Zeitversatz 13:10:00 Parameter: IP
2025-11-19 06:55:01	HK2-Log	Kleiner Saal Gruppe HKG-Raum-KlSaal ist ausgeschaltet
2025-11-19 06:55:01	HK2-Log	Kleiner Saal Einschaltpunkt noch nicht erreicht
2025-11-19 06:55:01	HK2-Log	Kleiner Saal Raumvariable: HKG-Raum-Foyer=0,H,IP,20,0,30,Heizgruppe: Foyer:1
2025-11-19 06:55:01	HK2-Log	Kleiner Saal berechne Zeiten mit Raum-Zeitversatz 14:00:00 / 15:30:00
2025-11-19 06:55:01	HK2-Log	Kleiner Saal berechne Startpunkt mit Temp-Zeitversatz 13:10:00 Parameter: IP
2025-11-19 06:55:01	HK2-Log	Kleiner Saal Gruppe HKG-Raum-Foyer ist ausgeschaltet
2025-11-19 06:55:01	HK2-Log	Kleiner Saal Einschaltpunkt noch nicht erreicht
2025-11-19 06:55:01	HK2-Log	Kleiner Saal Raumvariable: HKG-Raum-WCs=0,H,IP,18,0,30,Heizgruppe: WCs:1
2025-11-19 06:55:01	HK2-Log	Kleiner Saal berechne Zeiten mit Raum-Zeitversatz 14:00:00 / 15:30:00
2025-11-19 06:55:01	HK2-Log	Kleiner Saal berechne Startpunkt mit Temp-Zeitversatz 13:10:00 Parameter: IP
2025-11-19 06:55:01	HK2-Log	Kleiner Saal Gruppe HKG-Raum-WCs ist ausgeschaltet
2025-11-19 06:55:01	HK2-Log	Kleiner Saal Einschaltpunkt noch nicht erreicht
2025-11-19 06:55:01	HK2-Log	Ende Schaltskriptlauf
2025-11-19 07:00:02	HK2-Aussentemperatur	2.000000 (2.00 °C)
2025-11-19 07:00:02	HK1-Log	Beginn ChurchTools-Skriptlauf
2025-11-19 07:00:03	HK1-Log	Raum 2: 14:00:00 / 16:00:00 Heizen/Schalten: 1
2025-11-19 07:00:03	HK1-Log	Schaltliste unverändert
2025-11-19 07:00:03	HK1-Log	Ende ChurchTools-Skriptlauf
2025-11-19 07:00:03	HK2-Log	Beginn Schaltskriptlauf
2025-11-19 07:00:03	HK2-Log	Vollständige Raumliste: HKG-Raum-GrSaal+HKG-Raum-Foyer+HKG-Raum-WCs,HKG-Raum-KlSaal+HKG-Raum-Foyer+HKG-Raum-WCs,HKG-Raum-Küche,HKG-Raum-JuHu+HKG-Raum-VorraumKüche+HKG-Raum-Dreiecksraum,HKG-Raum-KiGo
2025-11-19 07:00:03	HK2-Log	Schaltlisteneintrag 2 Heizen: 14:00:00 / 16:00:00  R-Temp 0
2025-11-19 07:00:03	HK2-Log	Kleiner Saal Raumliste: HKG-Raum-KlSaal+HKG-Raum-Foyer+HKG-Raum-WCs
2025-11-19 07:00:03	HK2-Log	Kleiner Saal Raumvariable: HKG-Raum-KlSaal=0,H,IP,20,0,30,Heizgruppe: Kleiner Saal:1
2025-11-19 07:00:03	HK2-Log	Kleiner Saal berechne Zeiten mit Raum-Zeitversatz 14:00:00 / 15:30:00
2025-11-19 07:00:03	HK2-Log	Kleiner Saal berechne Startpunkt mit Temp-Zeitversatz 13:11:00 Parameter: IP
2025-11-19 07:00:03	HK2-Log	Kleiner Saal Gruppe HKG-Raum-KlSaal ist ausgeschaltet
2025-11-19 07:00:03	HK2-Log	Kleiner Saal Einschaltpunkt noch nicht erreicht
2025-11-19 07:00:03	HK2-Log	Kleiner Saal Raumvariable: HKG-Raum-Foyer=0,H,IP,20,0,30,Heizgruppe: Foyer:1
2025-11-19 07:00:03	HK2-Log	Kleiner Saal berechne Zeiten mit Raum-Zeitversatz 14:00:00 / 15:30:00
2025-11-19 07:00:03	HK2-Log	Kleiner Saal berechne Startpunkt mit Temp-Zeitversatz 13:11:00 Parameter: IP
2025-11-19 07:00:03	HK2-Log	Kleiner Saal Gruppe HKG-Raum-Foyer ist ausgeschaltet
2025-11-19 07:00:03	HK2-Log	Kleiner Saal Einschaltpunkt noch nicht erreicht
2025-11-19 07:00:03	HK2-Log	Kleiner Saal Raumvariable: HKG-Raum-WCs=0,H,IP,18,0,30,Heizgruppe: WCs:1
2025-11-19 07:00:03	HK2-Log	Kleiner Saal berechne Zeiten mit Raum-Zeitversatz 14:00:00 / 15:30:00
2025-11-19 07:00:03	HK2-Log	Kleiner Saal berechne Startpunkt mit Temp-Zeitversatz 13:11:00 Parameter: IP
2025-11-19 07:00:03	HK2-Log	Kleiner Saal Gruppe HKG-Raum-WCs ist ausgeschaltet
2025-11-19 07:00:03	HK2-Log	Kleiner Saal Einschaltpunkt noch nicht erreicht
2025-11-19 07:00:03	HK2-Log	Ende Schaltskriptlauf
2025-11-19 07:05:01	HK1-Log	Beginn ChurchTools-Skriptlauf
2025-11-19 07:05:01	HK1-Log	Raum 2: 14:00:00 / 16:00:00 Heizen/Schalten: 1
2025-11-19 07:05:01	HK1-Log	Schaltliste unverändert
2025-11-19 07:05:01	HK1-Log	Ende ChurchTools-Skriptlauf
2025-11-19 07:05:01	HK2-Log	Beginn Schaltskriptlauf
2025-11-19 07:05:01	HK2-Log	Vollständige Raumliste: HKG-Raum-GrSaal+HKG-Raum-Foyer+HKG-Raum-WCs,HKG-Raum-KlSaal+HKG-Raum-Foyer+HKG-Raum-WCs,HKG-Raum-Küche,HKG-Raum-JuHu+HKG-Raum-VorraumKüche+HKG-Raum-Dreiecksraum,HKG-Raum-KiGo
2025-11-19 07:05:01	HK2-Log	Schaltlisteneintrag 2 Heizen: 14:00:00 / 16:00:00  R-Temp 0
2025-11-19 07:05:01	HK2-Log	Kleiner Saal Raumliste: HKG-Raum-KlSaal+HKG-Raum-Foyer+HKG-Raum-WCs
2025-11-19 07:05:01	HK2-Log	Kleiner Saal Raumvariable: HKG-Raum-KlSaal=0,H,IP,20,0,30,Heizgruppe: Kleiner Saal:1
2025-11-19 07:05:01	HK2-Log	Kleiner Saal berechne Zeiten mit Raum-Zeitversatz 14:00:00 / 15:30:00
2025-11-19 07:05:01	HK2-Log	Kleiner Saal berechne Startpunkt mit Temp-Zeitversatz 13:11:00 Parameter: IP
2025-11-19 07:05:01	HK2-Log	Kleiner Saal Gruppe HKG-Raum-KlSaal ist ausgeschaltet
2025-11-19 07:05:01	HK2-Log	Kleiner Saal Einschaltpunkt noch nicht erreicht
2025-11-19 07:05:01	HK2-Log	Kleiner Saal Raumvariable: HKG-Raum-Foyer=0,H,IP,20,0,30,Heizgruppe: Foyer:1
2025-11-19 07:05:01	HK2-Log	Kleiner Saal berechne Zeiten mit Raum-Zeitversatz 14:00:00 / 15:30:00
2025-11-19 07:05:01	HK2-Log	Kleiner Saal berechne Startpunkt mit Temp-Zeitversatz 13:11:00 Parameter: IP
2025-11-19 07:05:01	HK2-Log	Kleiner Saal Gruppe HKG-Raum-Foyer ist ausgeschaltet
2025-11-19 07:05:01	HK2-Log	Kleiner Saal Einschaltpunkt noch nicht erreicht
2025-11-19 07:05:01	HK2-Log	Kleiner Saal Raumvariable: HKG-Raum-WCs=0,H,IP,18,0,30,Heizgruppe: WCs:1
2025-11-19 07:05:01	HK2-Log	Kleiner Saal berechne Zeiten mit Raum-Zeitversatz 14:00:00 / 15:30:00
2025-11-19 07:05:01	HK2-Log	Kleiner Saal berechne Startpunkt mit Temp-Zeitversatz 13:11:00 Parameter: IP
2025-11-19 07:05:01	HK2-Log	Kleiner Saal Gruppe HKG-Raum-WCs ist ausgeschaltet
2025-11-19 07:05:01	HK2-Log	Kleiner Saal Einschaltpunkt noch nicht erreicht
2025-11-19 07:05:01	HK2-Log	Ende Schaltskriptlauf
2025-11-19 07:10:01	HK1-Log	Beginn ChurchTools-Skriptlauf
2025-11-19 07:10:01	HK1-Log	Raum 2: 14:00:00 / 16:00:00 Heizen/Schalten: 1
2025-11-19 07:10:01	HK1-Log	Schaltliste unverändert
2025-11-19 07:10:01	HK1-Log	Ende ChurchTools-Skriptlauf
2025-11-19 07:10:01	HK2-Log	Beginn Schaltskriptlauf
2025-11-19 07:10:01	HK2-Log	Vollständige Raumliste: HKG-Raum-GrSaal+HKG-Raum-Foyer+HKG-Raum-WCs,HKG-Raum-KlSaal+HKG-Raum-Foyer+HKG-Raum-WCs,HKG-Raum-Küche,HKG-Raum-JuHu+HKG-Raum-VorraumKüche+HKG-Raum-Dreiecksraum,HKG-Raum-KiGo
2025-11-19 07:10:01	HK2-Log	Schaltlisteneintrag 2 Heizen: 14:00:00 / 16:00:00  R-Temp 0
2025-11-19 07:10:01	HK2-Log	Kleiner Saal Raumliste: HKG-Raum-KlSaal+HKG-Raum-Foyer+HKG-Raum-WCs
2025-11-19 07:10:01	HK2-Log	Kleiner Saal Raumvariable: HKG-Raum-KlSaal=0,H,IP,20,0,30,Heizgruppe: Kleiner Saal:1
2025-11-19 07:10:01	HK2-Log	Kleiner Saal berechne Zeiten mit Raum-Zeitversatz 14:00:00 / 15:30:00
2025-11-19 07:10:01	HK2-Log	Kleiner Saal berechne Startpunkt mit Temp-Zeitversatz 13:11:00 Parameter: IP
2025-11-19 07:10:01	HK2-Log	Kleiner Saal Gruppe HKG-Raum-KlSaal ist ausgeschaltet
2025-11-19 07:10:01	HK2-Log	Kleiner Saal Einschaltpunkt noch nicht erreicht
2025-11-19 07:10:01	HK2-Log	Kleiner Saal Raumvariable: HKG-Raum-Foyer=0,H,IP,20,0,30,Heizgruppe: Foyer:1
2025-11-19 07:10:01	HK2-Log	Kleiner Saal berechne Zeiten mit Raum-Zeitversatz 14:00:00 / 15:30:00
2025-11-19 07:10:01	HK2-Log	Kleiner Saal berechne Startpunkt mit Temp-Zeitversatz 13:11:00 Parameter: IP
2025-11-19 07:10:01	HK2-Log	Kleiner Saal Gruppe HKG-Raum-Foyer ist ausgeschaltet
2025-11-19 07:10:01	HK2-Log	Kleiner Saal Einschaltpunkt noch nicht erreicht
2025-11-19 07:10:01	HK2-Log	Kleiner Saal Raumvariable: HKG-Raum-WCs=0,H,IP,18,0,30,Heizgruppe: WCs:1
2025-11-19 07:10:01	HK2-Log	Kleiner Saal berechne Zeiten mit Raum-Zeitversatz 14:00:00 / 15:30:00
2025-11-19 07:10:01	HK2-Log	Kleiner Saal berechne Startpunkt mit Temp-Zeitversatz 13:11:00 Parameter: IP
2025-11-19 07:10:01	HK2-Log	Kleiner Saal Gruppe HKG-Raum-WCs ist ausgeschaltet
2025-11-19 07:10:01	HK2-Log	Kleiner Saal Einschaltpunkt noch nicht erreicht
2025-11-19 07:10:01	HK2-Log	Ende Schaltskriptlauf
2025-11-19 07:15:01	HK1-Log	Beginn ChurchTools-Skriptlauf
2025-11-19 07:15:01	HK1-Log	Raum 2: 14:00:00 / 16:00:00 Heizen/Schalten: 1
2025-11-19 07:15:01	HK1-Log	Schaltliste unverändert
2025-11-19 07:15:01	HK1-Log	Ende ChurchTools-Skriptlauf
2025-11-19 07:15:01	HK2-Log	Beginn Schaltskriptlauf
2025-11-19 07:15:01	HK2-Log	Vollständige Raumliste: HKG-Raum-GrSaal+HKG-Raum-Foyer+HKG-Raum-WCs,HKG-Raum-KlSaal+HKG-Raum-Foyer+HKG-Raum-WCs,HKG-Raum-Küche,HKG-Raum-JuHu+HKG-Raum-VorraumKüche+HKG-Raum-Dreiecksraum,HKG-Raum-KiGo
2025-11-19 07:15:01	HK2-Log	Schaltlisteneintrag 2 Heizen: 14:00:00 / 16:00:00  R-Temp 0
2025-11-19 07:15:01	HK2-Log	Kleiner Saal Raumliste: HKG-Raum-KlSaal+HKG-Raum-Foyer+HKG-Raum-WCs
2025-11-19 07:15:01	HK2-Log	Kleiner Saal Raumvariable: HKG-Raum-KlSaal=0,H,IP,20,0,30,Heizgruppe: Kleiner Saal:1
2025-11-19 07:15:01	HK2-Log	Kleiner Saal berechne Zeiten mit Raum-Zeitversatz 14:00:00 / 15:30:00
2025-11-19 07:15:01	HK2-Log	Kleiner Saal berechne Startpunkt mit Temp-Zeitversatz 13:11:00 Parameter: IP
2025-11-19 07:15:01	HK2-Log	Kleiner Saal Gruppe HKG-Raum-KlSaal ist ausgeschaltet
2025-11-19 07:15:01	HK2-Log	Kleiner Saal Einschaltpunkt noch nicht erreicht
2025-11-19 07:15:01	HK2-Log	Kleiner Saal Raumvariable: HKG-Raum-Foyer=0,H,IP,20,0,30,Heizgruppe: Foyer:1
2025-11-19 07:15:01	HK2-Log	Kleiner Saal berechne Zeiten mit Raum-Zeitversatz 14:00:00 / 15:30:00
2025-11-19 07:15:01	HK2-Log	Kleiner Saal berechne Startpunkt mit Temp-Zeitversatz 13:11:00 Parameter: IP
2025-11-19 07:15:01	HK2-Log	Kleiner Saal Gruppe HKG-Raum-Foyer ist ausgeschaltet
2025-11-19 07:15:01	HK2-Log	Kleiner Saal Einschaltpunkt noch nicht erreicht
2025-11-19 07:15:01	HK2-Log	Kleiner Saal Raumvariable: HKG-Raum-WCs=0,H,IP,18,0,30,Heizgruppe: WCs:1
2025-11-19 07:15:01	HK2-Log	Kleiner Saal berechne Zeiten mit Raum-Zeitversatz 14:00:00 / 15:30:00
2025-11-19 07:15:01	HK2-Log	Kleiner Saal berechne Startpunkt mit Temp-Zeitversatz 13:11:00 Parameter: IP
2025-11-19 07:15:01	HK2-Log	Kleiner Saal Gruppe HKG-Raum-WCs ist ausgeschaltet
2025-11-19 07:15:01	HK2-Log	Kleiner Saal Einschaltpunkt noch nicht erreicht
2025-11-19 07:15:01	HK2-Log	Ende Schaltskriptlauf
2025-11-19 07:20:01	HK1-Log	Beginn ChurchTools-Skriptlauf
2025-11-19 07:20:01	HK1-Log	Raum 2: 14:00:00 / 16:00:00 Heizen/Schalten: 1
2025-11-19 07:20:01	HK1-Log	Schaltliste unverändert
2025-11-19 07:20:01	HK1-Log	Ende ChurchTools-Skriptlauf
2025-11-19 07:20:01	HK2-Log	Beginn Schaltskriptlauf
2025-11-19 07:20:01	HK2-Log	Vollständige Raumliste: HKG-Raum-GrSaal+HKG-Raum-Foyer+HKG-Raum-WCs,HKG-Raum-KlSaal+HKG-Raum-Foyer+HKG-Raum-WCs,HKG-Raum-Küche,HKG-Raum-JuHu+HKG-Raum-VorraumKüche+HKG-Raum-Dreiecksraum,HKG-Raum-KiGo
2025-11-19 07:20:01	HK2-Log	Schaltlisteneintrag 2 Heizen: 14:00:00 / 16:00:00  R-Temp 0
2025-11-19 07:20:01	HK2-Log	Kleiner Saal Raumliste: HKG-Raum-KlSaal+HKG-Raum-Foyer+HKG-Raum-WCs
2025-11-19 07:20:01	HK2-Log	Kleiner Saal Raumvariable: HKG-Raum-KlSaal=0,H,IP,20,0,30,Heizgruppe: Kleiner Saal:1
2025-11-19 07:20:01	HK2-Log	Kleiner Saal berechne Zeiten mit Raum-Zeitversatz 14:00:00 / 15:30:00
2025-11-19 07:20:01	HK2-Log	Kleiner Saal berechne Startpunkt mit Temp-Zeitversatz 13:11:00 Parameter: IP
2025-11-19 07:20:01	HK2-Log	Kleiner Saal Gruppe HKG-Raum-KlSaal ist ausgeschaltet
2025-11-19 07:20:01	HK2-Log	Kleiner Saal Einschaltpunkt noch nicht erreicht
2025-11-19 07:20:01	HK2-Log	Kleiner Saal Raumvariable: HKG-Raum-Foyer=0,H,IP,20,0,30,Heizgruppe: Foyer:1
2025-11-19 07:20:01	HK2-Log	Kleiner Saal berechne Zeiten mit Raum-Zeitversatz 14:00:00 / 15:30:00
2025-11-19 07:20:01	HK2-Log	Kleiner Saal berechne Startpunkt mit Temp-Zeitversatz 13:11:00 Parameter: IP
2025-11-19 07:20:01	HK2-Log	Kleiner Saal Gruppe HKG-Raum-Foyer ist ausgeschaltet
2025-11-19 07:20:01	HK2-Log	Kleiner Saal Einschaltpunkt noch nicht erreicht
2025-11-19 07:20:01	HK2-Log	Kleiner Saal Raumvariable: HKG-Raum-WCs=0,H,IP,18,0,30,Heizgruppe: WCs:1
2025-11-19 07:20:01	HK2-Log	Kleiner Saal berechne Zeiten mit Raum-Zeitversatz 14:00:00 / 15:30:00
2025-11-19 07:20:01	HK2-Log	Kleiner Saal berechne Startpunkt mit Temp-Zeitversatz 13:11:00 Parameter: IP
2025-11-19 07:20:01	HK2-Log	Kleiner Saal Gruppe HKG-Raum-WCs ist ausgeschaltet
2025-11-19 07:20:01	HK2-Log	Kleiner Saal Einschaltpunkt noch nicht erreicht
2025-11-19 07:20:01	HK2-Log	Ende Schaltskriptlauf
2025-11-19 07:25:01	HK1-Log	Beginn ChurchTools-Skriptlauf
2025-11-19 07:25:01	HK1-Log	Raum 2: 14:00:00 / 16:00:00 Heizen/Schalten: 1
2025-11-19 07:25:01	HK1-Log	Schaltliste unverändert
2025-11-19 07:25:01	HK1-Log	Ende ChurchTools-Skriptlauf
2025-11-19 07:25:01	HK2-Log	Beginn Schaltskriptlauf
2025-11-19 07:25:01	HK2-Log	Vollständige Raumliste: HKG-Raum-GrSaal+HKG-Raum-Foyer+HKG-Raum-WCs,HKG-Raum-KlSaal+HKG-Raum-Foyer+HKG-Raum-WCs,HKG-Raum-Küche,HKG-Raum-JuHu+HKG-Raum-VorraumKüche+HKG-Raum-Dreiecksraum,HKG-Raum-KiGo
2025-11-19 07:25:01	HK2-Log	Schaltlisteneintrag 2 Heizen: 14:00:00 / 16:00:00  R-Temp 0
2025-11-19 07:25:01	HK2-Log	Kleiner Saal Raumliste: HKG-Raum-KlSaal+HKG-Raum-Foyer+HKG-Raum-WCs
2025-11-19 07:25:01	HK2-Log	Kleiner Saal Raumvariable: HKG-Raum-KlSaal=0,H,IP,20,0,30,Heizgruppe: Kleiner Saal:1
2025-11-19 07:25:01	HK2-Log	Kleiner Saal berechne Zeiten mit Raum-Zeitversatz 14:00:00 / 15:30:00
2025-11-19 07:25:01	HK2-Log	Kleiner Saal berechne Startpunkt mit Temp-Zeitversatz 13:11:00 Parameter: IP
2025-11-19 07:25:01	HK2-Log	Kleiner Saal Gruppe HKG-Raum-KlSaal ist ausgeschaltet
2025-11-19 07:25:01	HK2-Log	Kleiner Saal Einschaltpunkt noch nicht erreicht
2025-11-19 07:25:01	HK2-Log	Kleiner Saal Raumvariable: HKG-Raum-Foyer=0,H,IP,20,0,30,Heizgruppe: Foyer:1
2025-11-19 07:25:01	HK2-Log	Kleiner Saal berechne Zeiten mit Raum-Zeitversatz 14:00:00 / 15:30:00
2025-11-19 07:25:01	HK2-Log	Kleiner Saal berechne Startpunkt mit Temp-Zeitversatz 13:11:00 Parameter: IP
2025-11-19 07:25:01	HK2-Log	Kleiner Saal Gruppe HKG-Raum-Foyer ist ausgeschaltet
2025-11-19 07:25:01	HK2-Log	Kleiner Saal Einschaltpunkt noch nicht erreicht
2025-11-19 07:25:01	HK2-Log	Kleiner Saal Raumvariable: HKG-Raum-WCs=0,H,IP,18,0,30,Heizgruppe: WCs:1
2025-11-19 07:25:01	HK2-Log	Kleiner Saal berechne Zeiten mit Raum-Zeitversatz 14:00:00 / 15:30:00
2025-11-19 07:25:01	HK2-Log	Kleiner Saal berechne Startpunkt mit Temp-Zeitversatz 13:11:00 Parameter: IP
2025-11-19 07:25:01	HK2-Log	Kleiner Saal Gruppe HKG-Raum-WCs ist ausgeschaltet
2025-11-19 07:25:01	HK2-Log	Kleiner Saal Einschaltpunkt noch nicht erreicht
2025-11-19 07:25:01	HK2-Log	Ende Schaltskriptlauf
2025-11-19 07:30:01	HK1-Log	Beginn ChurchTools-Skriptlauf
2025-11-19 07:30:01	HK1-Log	Raum 2: 14:00:00 / 16:00:00 Heizen/Schalten: 1
2025-11-19 07:30:01	HK1-Log	Schaltliste unverändert
2025-11-19 07:30:01	HK1-Log	Ende ChurchTools-Skriptlauf
2025-11-19 07:30:01	HK2-Log	Beginn Schaltskriptlauf
2025-11-19 07:30:01	HK2-Log	Vollständige Raumliste: HKG-Raum-GrSaal+HKG-Raum-Foyer+HKG-Raum-WCs,HKG-Raum-KlSaal+HKG-Raum-Foyer+HKG-Raum-WCs,HKG-Raum-Küche,HKG-Raum-JuHu+HKG-Raum-VorraumKüche+HKG-Raum-Dreiecksraum,HKG-Raum-KiGo
2025-11-19 07:30:01	HK2-Log	Schaltlisteneintrag 2 Heizen: 14:00:00 / 16:00:00  R-Temp 0
2025-11-19 07:30:01	HK2-Log	Kleiner Saal Raumliste: HKG-Raum-KlSaal+HKG-Raum-Foyer+HKG-Raum-WCs
2025-11-19 07:30:01	HK2-Log	Kleiner Saal Raumvariable: HKG-Raum-KlSaal=0,H,IP,20,0,30,Heizgruppe: Kleiner Saal:1
2025-11-19 07:30:01	HK2-Log	Kleiner Saal berechne Zeiten mit Raum-Zeitversatz 14:00:00 / 15:30:00
2025-11-19 07:30:01	HK2-Log	Kleiner Saal berechne Startpunkt mit Temp-Zeitversatz 13:11:00 Parameter: IP
2025-11-19 07:30:01	HK2-Log	Kleiner Saal Gruppe HKG-Raum-KlSaal ist ausgeschaltet
2025-11-19 07:30:01	HK2-Log	Kleiner Saal Einschaltpunkt noch nicht erreicht
2025-11-19 07:30:01	HK2-Log	Kleiner Saal Raumvariable: HKG-Raum-Foyer=0,H,IP,20,0,30,Heizgruppe: Foyer:1
2025-11-19 07:30:01	HK2-Log	Kleiner Saal berechne Zeiten mit Raum-Zeitversatz 14:00:00 / 15:30:00
2025-11-19 07:30:01	HK2-Log	Kleiner Saal berechne Startpunkt mit Temp-Zeitversatz 13:11:00 Parameter: IP
2025-11-19 07:30:01	HK2-Log	Kleiner Saal Gruppe HKG-Raum-Foyer ist ausgeschaltet
2025-11-19 07:30:01	HK2-Log	Kleiner Saal Einschaltpunkt noch nicht erreicht
2025-11-19 07:30:01	HK2-Log	Kleiner Saal Raumvariable: HKG-Raum-WCs=0,H,IP,18,0,30,Heizgruppe: WCs:1
2025-11-19 07:30:01	HK2-Log	Kleiner Saal berechne Zeiten mit Raum-Zeitversatz 14:00:00 / 15:30:00
2025-11-19 07:30:01	HK2-Log	Kleiner Saal berechne Startpunkt mit Temp-Zeitversatz 13:11:00 Parameter: IP
2025-11-19 07:30:01	HK2-Log	Kleiner Saal Gruppe HKG-Raum-WCs ist ausgeschaltet
2025-11-19 07:30:01	HK2-Log	Kleiner Saal Einschaltpunkt noch nicht erreicht
2025-11-19 07:30:01	HK2-Log	Ende Schaltskriptlauf
2025-11-19 07:35:01	HK1-Log	Beginn ChurchTools-Skriptlauf
2025-11-19 07:35:01	HK1-Log	Raum 2: 14:00:00 / 16:00:00 Heizen/Schalten: 1
2025-11-19 07:35:01	HK1-Log	Schaltliste unverändert
2025-11-19 07:35:01	HK1-Log	Ende ChurchTools-Skriptlauf
2025-11-19 07:35:01	HK2-Log	Beginn Schaltskriptlauf
2025-11-19 07:35:01	HK2-Log	Vollständige Raumliste: HKG-Raum-GrSaal+HKG-Raum-Foyer+HKG-Raum-WCs,HKG-Raum-KlSaal+HKG-Raum-Foyer+HKG-Raum-WCs,HKG-Raum-Küche,HKG-Raum-JuHu+HKG-Raum-VorraumKüche+HKG-Raum-Dreiecksraum,HKG-Raum-KiGo
2025-11-19 07:35:01	HK2-Log	Schaltlisteneintrag 2 Heizen: 14:00:00 / 16:00:00  R-Temp 0
2025-11-19 07:35:01	HK2-Log	Kleiner Saal Raumliste: HKG-Raum-KlSaal+HKG-Raum-Foyer+HKG-Raum-WCs
2025-11-19 07:35:01	HK2-Log	Kleiner Saal Raumvariable: HKG-Raum-KlSaal=0,H,IP,20,0,30,Heizgruppe: Kleiner Saal:1
2025-11-19 07:35:01	HK2-Log	Kleiner Saal berechne Zeiten mit Raum-Zeitversatz 14:00:00 / 15:30:00
2025-11-19 07:35:01	HK2-Log	Kleiner Saal berechne Startpunkt mit Temp-Zeitversatz 13:11:00 Parameter: IP
2025-11-19 07:35:01	HK2-Log	Kleiner Saal Gruppe HKG-Raum-KlSaal ist ausgeschaltet
2025-11-19 07:35:01	HK2-Log	Kleiner Saal Einschaltpunkt noch nicht erreicht
2025-11-19 07:35:01	HK2-Log	Kleiner Saal Raumvariable: HKG-Raum-Foyer=0,H,IP,20,0,30,Heizgruppe: Foyer:1
2025-11-19 07:35:01	HK2-Log	Kleiner Saal berechne Zeiten mit Raum-Zeitversatz 14:00:00 / 15:30:00
2025-11-19 07:35:01	HK2-Log	Kleiner Saal berechne Startpunkt mit Temp-Zeitversatz 13:11:00 Parameter: IP
2025-11-19 07:35:01	HK2-Log	Kleiner Saal Gruppe HKG-Raum-Foyer ist ausgeschaltet
2025-11-19 07:35:01	HK2-Log	Kleiner Saal Einschaltpunkt noch nicht erreicht
2025-11-19 07:35:01	HK2-Log	Kleiner Saal Raumvariable: HKG-Raum-WCs=0,H,IP,18,0,30,Heizgruppe: WCs:1
2025-11-19 07:35:01	HK2-Log	Kleiner Saal berechne Zeiten mit Raum-Zeitversatz 14:00:00 / 15:30:00
2025-11-19 07:35:01	HK2-Log	Kleiner Saal berechne Startpunkt mit Temp-Zeitversatz 13:11:00 Parameter: IP
2025-11-19 07:35:01	HK2-Log	Kleiner Saal Gruppe HKG-Raum-WCs ist ausgeschaltet
2025-11-19 07:35:01	HK2-Log	Kleiner Saal Einschaltpunkt noch nicht erreicht
2025-11-19 07:35:01	HK2-Log	Ende Schaltskriptlauf
2025-11-19 07:40:01	HK1-Log	Beginn ChurchTools-Skriptlauf
2025-11-19 07:40:01	HK1-Log	Raum 2: 14:00:00 / 16:00:00 Heizen/Schalten: 1
2025-11-19 07:40:01	HK1-Log	Schaltliste unverändert
2025-11-19 07:40:01	HK1-Log	Ende ChurchTools-Skriptlauf
2025-11-19 07:40:01	HK2-Log	Beginn Schaltskriptlauf
2025-11-19 07:40:01	HK2-Log	Vollständige Raumliste: HKG-Raum-GrSaal+HKG-Raum-Foyer+HKG-Raum-WCs,HKG-Raum-KlSaal+HKG-Raum-Foyer+HKG-Raum-WCs,HKG-Raum-Küche,HKG-Raum-JuHu+HKG-Raum-VorraumKüche+HKG-Raum-Dreiecksraum,HKG-Raum-KiGo
2025-11-19 07:40:01	HK2-Log	Schaltlisteneintrag 2 Heizen: 14:00:00 / 16:00:00  R-Temp 0
2025-11-19 07:40:01	HK2-Log	Kleiner Saal Raumliste: HKG-Raum-KlSaal+HKG-Raum-Foyer+HKG-Raum-WCs
2025-11-19 07:40:01	HK2-Log	Kleiner Saal Raumvariable: HKG-Raum-KlSaal=0,H,IP,20,0,30,Heizgruppe: Kleiner Saal:1
2025-11-19 07:40:01	HK2-Log	Kleiner Saal berechne Zeiten mit Raum-Zeitversatz 14:00:00 / 15:30:00
2025-11-19 07:40:01	HK2-Log	Kleiner Saal berechne Startpunkt mit Temp-Zeitversatz 13:11:00 Parameter: IP
2025-11-19 07:40:01	HK2-Log	Kleiner Saal Gruppe HKG-Raum-KlSaal ist ausgeschaltet
2025-11-19 07:40:01	HK2-Log	Kleiner Saal Einschaltpunkt noch nicht erreicht
2025-11-19 07:40:01	HK2-Log	Kleiner Saal Raumvariable: HKG-Raum-Foyer=0,H,IP,20,0,30,Heizgruppe: Foyer:1
2025-11-19 07:40:01	HK2-Log	Kleiner Saal berechne Zeiten mit Raum-Zeitversatz 14:00:00 / 15:30:00
2025-11-19 07:40:01	HK2-Log	Kleiner Saal berechne Startpunkt mit Temp-Zeitversatz 13:11:00 Parameter: IP
2025-11-19 07:40:01	HK2-Log	Kleiner Saal Gruppe HKG-Raum-Foyer ist ausgeschaltet
2025-11-19 07:40:01	HK2-Log	Kleiner Saal Einschaltpunkt noch nicht erreicht
2025-11-19 07:40:01	HK2-Log	Kleiner Saal Raumvariable: HKG-Raum-WCs=0,H,IP,18,0,30,Heizgruppe: WCs:1
2025-11-19 07:40:01	HK2-Log	Kleiner Saal berechne Zeiten mit Raum-Zeitversatz 14:00:00 / 15:30:00
2025-11-19 07:40:01	HK2-Log	Kleiner Saal berechne Startpunkt mit Temp-Zeitversatz 13:11:00 Parameter: IP
2025-11-19 07:40:01	HK2-Log	Kleiner Saal Gruppe HKG-Raum-WCs ist ausgeschaltet
2025-11-19 07:40:01	HK2-Log	Kleiner Saal Einschaltpunkt noch nicht erreicht
2025-11-19 07:40:01	HK2-Log	Ende Schaltskriptlauf
2025-11-19 07:45:01	HK1-Log	Beginn ChurchTools-Skriptlauf
2025-11-19 07:45:01	HK1-Log	Raum 2: 14:00:00 / 16:00:00 Heizen/Schalten: 1
2025-11-19 07:45:01	HK1-Log	Schaltliste unverändert
2025-11-19 07:45:01	HK1-Log	Ende ChurchTools-Skriptlauf
2025-11-19 07:45:01	HK2-Log	Beginn Schaltskriptlauf
2025-11-19 07:45:01	HK2-Log	Vollständige Raumliste: HKG-Raum-GrSaal+HKG-Raum-Foyer+HKG-Raum-WCs,HKG-Raum-KlSaal+HKG-Raum-Foyer+HKG-Raum-WCs,HKG-Raum-Küche,HKG-Raum-JuHu+HKG-Raum-VorraumKüche+HKG-Raum-Dreiecksraum,HKG-Raum-KiGo
2025-11-19 07:45:01	HK2-Log	Schaltlisteneintrag 2 Heizen: 14:00:00 / 16:00:00  R-Temp 0
2025-11-19 07:45:01	HK2-Log	Kleiner Saal Raumliste: HKG-Raum-KlSaal+HKG-Raum-Foyer+HKG-Raum-WCs
2025-11-19 07:45:01	HK2-Log	Kleiner Saal Raumvariable: HKG-Raum-KlSaal=0,H,IP,20,0,30,Heizgruppe: Kleiner Saal:1
2025-11-19 07:45:01	HK2-Log	Kleiner Saal berechne Zeiten mit Raum-Zeitversatz 14:00:00 / 15:30:00
2025-11-19 07:45:01	HK2-Log	Kleiner Saal berechne Startpunkt mit Temp-Zeitversatz 13:11:00 Parameter: IP
2025-11-19 07:45:01	HK2-Log	Kleiner Saal Gruppe HKG-Raum-KlSaal ist ausgeschaltet
2025-11-19 07:45:01	HK2-Log	Kleiner Saal Einschaltpunkt noch nicht erreicht
2025-11-19 07:45:01	HK2-Log	Kleiner Saal Raumvariable: HKG-Raum-Foyer=0,H,IP,20,0,30,Heizgruppe: Foyer:1
2025-11-19 07:45:01	HK2-Log	Kleiner Saal berechne Zeiten mit Raum-Zeitversatz 14:00:00 / 15:30:00
2025-11-19 07:45:01	HK2-Log	Kleiner Saal berechne Startpunkt mit Temp-Zeitversatz 13:11:00 Parameter: IP
2025-11-19 07:45:01	HK2-Log	Kleiner Saal Gruppe HKG-Raum-Foyer ist ausgeschaltet
2025-11-19 07:45:01	HK2-Log	Kleiner Saal Einschaltpunkt noch nicht erreicht
2025-11-19 07:45:01	HK2-Log	Kleiner Saal Raumvariable: HKG-Raum-WCs=0,H,IP,18,0,30,Heizgruppe: WCs:1
2025-11-19 07:45:01	HK2-Log	Kleiner Saal berechne Zeiten mit Raum-Zeitversatz 14:00:00 / 15:30:00
2025-11-19 07:45:01	HK2-Log	Kleiner Saal berechne Startpunkt mit Temp-Zeitversatz 13:11:00 Parameter: IP
2025-11-19 07:45:01	HK2-Log	Kleiner Saal Gruppe HKG-Raum-WCs ist ausgeschaltet
2025-11-19 07:45:01	HK2-Log	Kleiner Saal Einschaltpunkt noch nicht erreicht
2025-11-19 07:45:01	HK2-Log	Ende Schaltskriptlauf
2025-11-19 07:50:01	HK1-Log	Beginn ChurchTools-Skriptlauf
2025-11-19 07:50:01	HK1-Log	Raum 2: 14:00:00 / 16:00:00 Heizen/Schalten: 1
2025-11-19 07:50:01	HK1-Log	Schaltliste unverändert
2025-11-19 07:50:01	HK1-Log	Ende ChurchTools-Skriptlauf
2025-11-19 07:50:01	HK2-Log	Beginn Schaltskriptlauf
2025-11-19 07:50:01	HK2-Log	Vollständige Raumliste: HKG-Raum-GrSaal+HKG-Raum-Foyer+HKG-Raum-WCs,HKG-Raum-KlSaal+HKG-Raum-Foyer+HKG-Raum-WCs,HKG-Raum-Küche,HKG-Raum-JuHu+HKG-Raum-VorraumKüche+HKG-Raum-Dreiecksraum,HKG-Raum-KiGo
2025-11-19 07:50:01	HK2-Log	Schaltlisteneintrag 2 Heizen: 14:00:00 / 16:00:00  R-Temp 0
2025-11-19 07:50:01	HK2-Log	Kleiner Saal Raumliste: HKG-Raum-KlSaal+HKG-Raum-Foyer+HKG-Raum-WCs
2025-11-19 07:50:01	HK2-Log	Kleiner Saal Raumvariable: HKG-Raum-KlSaal=0,H,IP,20,0,30,Heizgruppe: Kleiner Saal:1
2025-11-19 07:50:01	HK2-Log	Kleiner Saal berechne Zeiten mit Raum-Zeitversatz 14:00:00 / 15:30:00
2025-11-19 07:50:01	HK2-Log	Kleiner Saal berechne Startpunkt mit Temp-Zeitversatz 13:11:00 Parameter: IP
2025-11-19 07:50:01	HK2-Log	Kleiner Saal Gruppe HKG-Raum-KlSaal ist ausgeschaltet
2025-11-19 07:50:01	HK2-Log	Kleiner Saal Einschaltpunkt noch nicht erreicht
2025-11-19 07:50:01	HK2-Log	Kleiner Saal Raumvariable: HKG-Raum-Foyer=0,H,IP,20,0,30,Heizgruppe: Foyer:1
2025-11-19 07:50:01	HK2-Log	Kleiner Saal berechne Zeiten mit Raum-Zeitversatz 14:00:00 / 15:30:00
2025-11-19 07:50:01	HK2-Log	Kleiner Saal berechne Startpunkt mit Temp-Zeitversatz 13:11:00 Parameter: IP
2025-11-19 07:50:01	HK2-Log	Kleiner Saal Gruppe HKG-Raum-Foyer ist ausgeschaltet
2025-11-19 07:50:01	HK2-Log	Kleiner Saal Einschaltpunkt noch nicht erreicht
2025-11-19 07:50:01	HK2-Log	Kleiner Saal Raumvariable: HKG-Raum-WCs=0,H,IP,18,0,30,Heizgruppe: WCs:1
2025-11-19 07:50:01	HK2-Log	Kleiner Saal berechne Zeiten mit Raum-Zeitversatz 14:00:00 / 15:30:00
2025-11-19 07:50:01	HK2-Log	Kleiner Saal berechne Startpunkt mit Temp-Zeitversatz 13:11:00 Parameter: IP
2025-11-19 07:50:01	HK2-Log	Kleiner Saal Gruppe HKG-Raum-WCs ist ausgeschaltet
2025-11-19 07:50:01	HK2-Log	Kleiner Saal Einschaltpunkt noch nicht erreicht
2025-11-19 07:50:01	HK2-Log	Ende Schaltskriptlauf
2025-11-19 07:55:01	HK1-Log	Beginn ChurchTools-Skriptlauf
2025-11-19 07:55:01	HK1-Log	Raum 2: 14:00:00 / 16:00:00 Heizen/Schalten: 1
2025-11-19 07:55:01	HK1-Log	Schaltliste unverändert
2025-11-19 07:55:01	HK1-Log	Ende ChurchTools-Skriptlauf
2025-11-19 07:55:01	HK2-Log	Beginn Schaltskriptlauf
2025-11-19 07:55:01	HK2-Log	Vollständige Raumliste: HKG-Raum-GrSaal+HKG-Raum-Foyer+HKG-Raum-WCs,HKG-Raum-KlSaal+HKG-Raum-Foyer+HKG-Raum-WCs,HKG-Raum-Küche,HKG-Raum-JuHu+HKG-Raum-VorraumKüche+HKG-Raum-Dreiecksraum,HKG-Raum-KiGo
2025-11-19 07:55:01	HK2-Log	Schaltlisteneintrag 2 Heizen: 14:00:00 / 16:00:00  R-Temp 0
2025-11-19 07:55:01	HK2-Log	Kleiner Saal Raumliste: HKG-Raum-KlSaal+HKG-Raum-Foyer+HKG-Raum-WCs
2025-11-19 07:55:01	HK2-Log	Kleiner Saal Raumvariable: HKG-Raum-KlSaal=0,H,IP,20,0,30,Heizgruppe: Kleiner Saal:1
2025-11-19 07:55:01	HK2-Log	Kleiner Saal berechne Zeiten mit Raum-Zeitversatz 14:00:00 / 15:30:00
2025-11-19 07:55:01	HK2-Log	Kleiner Saal berechne Startpunkt mit Temp-Zeitversatz 13:11:00 Parameter: IP
2025-11-19 07:55:01	HK2-Log	Kleiner Saal Gruppe HKG-Raum-KlSaal ist ausgeschaltet
2025-11-19 07:55:01	HK2-Log	Kleiner Saal Einschaltpunkt noch nicht erreicht
2025-11-19 07:55:01	HK2-Log	Kleiner Saal Raumvariable: HKG-Raum-Foyer=0,H,IP,20,0,30,Heizgruppe: Foyer:1
2025-11-19 07:55:01	HK2-Log	Kleiner Saal berechne Zeiten mit Raum-Zeitversatz 14:00:00 / 15:30:00
2025-11-19 07:55:01	HK2-Log	Kleiner Saal berechne Startpunkt mit Temp-Zeitversatz 13:11:00 Parameter: IP
2025-11-19 07:55:01	HK2-Log	Kleiner Saal Gruppe HKG-Raum-Foyer ist ausgeschaltet
2025-11-19 07:55:01	HK2-Log	Kleiner Saal Einschaltpunkt noch nicht erreicht
2025-11-19 07:55:01	HK2-Log	Kleiner Saal Raumvariable: HKG-Raum-WCs=0,H,IP,18,0,30,Heizgruppe: WCs:1
2025-11-19 07:55:01	HK2-Log	Kleiner Saal berechne Zeiten mit Raum-Zeitversatz 14:00:00 / 15:30:00
2025-11-19 07:55:01	HK2-Log	Kleiner Saal berechne Startpunkt mit Temp-Zeitversatz 13:11:00 Parameter: IP
2025-11-19 07:55:01	HK2-Log	Kleiner Saal Gruppe HKG-Raum-WCs ist ausgeschaltet
2025-11-19 07:55:01	HK2-Log	Kleiner Saal Einschaltpunkt noch nicht erreicht
2025-11-19 07:55:01	HK2-Log	Ende Schaltskriptlauf
2025-11-19 08:00:01	HK2-Aussentemperatur	1.800000 (1.80 °C)
2025-11-19 08:00:01	HK1-Log	Beginn ChurchTools-Skriptlauf
2025-11-19 08:00:02	HK1-Log	Raum 2: 14:00:00 / 16:00:00 Heizen/Schalten: 1
2025-11-19 08:00:02	HK1-Log	Schaltliste unverändert
2025-11-19 08:00:02	HK1-Log	Ende ChurchTools-Skriptlauf
2025-11-19 08:00:02	HK2-Log	Beginn Schaltskriptlauf
2025-11-19 08:00:02	HK2-Log	Vollständige Raumliste: HKG-Raum-GrSaal+HKG-Raum-Foyer+HKG-Raum-WCs,HKG-Raum-KlSaal+HKG-Raum-Foyer+HKG-Raum-WCs,HKG-Raum-Küche,HKG-Raum-JuHu+HKG-Raum-VorraumKüche+HKG-Raum-Dreiecksraum,HKG-Raum-KiGo
2025-11-19 08:00:02	HK2-Log	Schaltlisteneintrag 2 Heizen: 14:00:00 / 16:00:00  R-Temp 0
2025-11-19 08:00:02	HK2-Log	Kleiner Saal Raumliste: HKG-Raum-KlSaal+HKG-Raum-Foyer+HKG-Raum-WCs
2025-11-19 08:00:02	HK2-Log	Kleiner Saal Raumvariable: HKG-Raum-KlSaal=0,H,IP,20,0,30,Heizgruppe: Kleiner Saal:1
2025-11-19 08:00:02	HK2-Log	Kleiner Saal berechne Zeiten mit Raum-Zeitversatz 14:00:00 / 15:30:00
2025-11-19 08:00:02	HK2-Log	Kleiner Saal berechne Startpunkt mit Temp-Zeitversatz 13:10:00 Parameter: IP
2025-11-19 08:00:02	HK2-Log	Kleiner Saal Gruppe HKG-Raum-KlSaal ist ausgeschaltet
2025-11-19 08:00:02	HK2-Log	Kleiner Saal Einschaltpunkt noch nicht erreicht
2025-11-19 08:00:02	HK2-Log	Kleiner Saal Raumvariable: HKG-Raum-Foyer=0,H,IP,20,0,30,Heizgruppe: Foyer:1
2025-11-19 08:00:02	HK2-Log	Kleiner Saal berechne Zeiten mit Raum-Zeitversatz 14:00:00 / 15:30:00
2025-11-19 08:00:02	HK2-Log	Kleiner Saal berechne Startpunkt mit Temp-Zeitversatz 13:10:00 Parameter: IP
2025-11-19 08:00:02	HK2-Log	Kleiner Saal Gruppe HKG-Raum-Foyer ist ausgeschaltet
2025-11-19 08:00:02	HK2-Log	Kleiner Saal Einschaltpunkt noch nicht erreicht
2025-11-19 08:00:02	HK2-Log	Kleiner Saal Raumvariable: HKG-Raum-WCs=0,H,IP,18,0,30,Heizgruppe: WCs:1
2025-11-19 08:00:02	HK2-Log	Kleiner Saal berechne Zeiten mit Raum-Zeitversatz 14:00:00 / 15:30:00
2025-11-19 08:00:02	HK2-Log	Kleiner Saal berechne Startpunkt mit Temp-Zeitversatz 13:10:00 Parameter: IP
2025-11-19 08:00:02	HK2-Log	Kleiner Saal Gruppe HKG-Raum-WCs ist ausgeschaltet
2025-11-19 08:00:02	HK2-Log	Kleiner Saal Einschaltpunkt noch nicht erreicht
2025-11-19 08:00:02	HK2-Log	Ende Schaltskriptlauf
2025-11-19 08:05:00	HK1-Log	Beginn ChurchTools-Skriptlauf
2025-11-19 08:05:00	HK1-Log	Raum 2: 14:00:00 / 16:00:00 Heizen/Schalten: 1
2025-11-19 08:05:00	HK1-Log	Schaltliste unverändert
2025-11-19 08:05:00	HK1-Log	Ende ChurchTools-Skriptlauf
2025-11-19 08:05:00	HK2-Log	Beginn Schaltskriptlauf
2025-11-19 08:05:00	HK2-Log	Vollständige Raumliste: HKG-Raum-GrSaal+HKG-Raum-Foyer+HKG-Raum-WCs,HKG-Raum-KlSaal+HKG-Raum-Foyer+HKG-Raum-WCs,HKG-Raum-Küche,HKG-Raum-JuHu+HKG-Raum-VorraumKüche+HKG-Raum-Dreiecksraum,HKG-Raum-KiGo
2025-11-19 08:05:00	HK2-Log	Schaltlisteneintrag 2 Heizen: 14:00:00 / 16:00:00  R-Temp 0
2025-11-19 08:05:00	HK2-Log	Kleiner Saal Raumliste: HKG-Raum-KlSaal+HKG-Raum-Foyer+HKG-Raum-WCs
2025-11-19 08:05:00	HK2-Log	Kleiner Saal Raumvariable: HKG-Raum-KlSaal=0,H,IP,20,0,30,Heizgruppe: Kleiner Saal:1
2025-11-19 08:05:00	HK2-Log	Kleiner Saal berechne Zeiten mit Raum-Zeitversatz 14:00:00 / 15:30:00
2025-11-19 08:05:00	HK2-Log	Kleiner Saal berechne Startpunkt mit Temp-Zeitversatz 13:10:00 Parameter: IP
2025-11-19 08:05:00	HK2-Log	Kleiner Saal Gruppe HKG-Raum-KlSaal ist ausgeschaltet
2025-11-19 08:05:00	HK2-Log	Kleiner Saal Einschaltpunkt noch nicht erreicht
2025-11-19 08:05:00	HK2-Log	Kleiner Saal Raumvariable: HKG-Raum-Foyer=0,H,IP,20,0,30,Heizgruppe: Foyer:1
2025-11-19 08:05:00	HK2-Log	Kleiner Saal berechne Zeiten mit Raum-Zeitversatz 14:00:00 / 15:30:00
2025-11-19 08:05:00	HK2-Log	Kleiner Saal berechne Startpunkt mit Temp-Zeitversatz 13:10:00 Parameter: IP
2025-11-19 08:05:00	HK2-Log	Kleiner Saal Gruppe HKG-Raum-Foyer ist ausgeschaltet
2025-11-19 08:05:00	HK2-Log	Kleiner Saal Einschaltpunkt noch nicht erreicht
2025-11-19 08:05:00	HK2-Log	Kleiner Saal Raumvariable: HKG-Raum-WCs=0,H,IP,18,0,30,Heizgruppe: WCs:1
2025-11-19 08:05:00	HK2-Log	Kleiner Saal berechne Zeiten mit Raum-Zeitversatz 14:00:00 / 15:30:00
2025-11-19 08:05:00	HK2-Log	Kleiner Saal berechne Startpunkt mit Temp-Zeitversatz 13:10:00 Parameter: IP
2025-11-19 08:05:00	HK2-Log	Kleiner Saal Gruppe HKG-Raum-WCs ist ausgeschaltet
2025-11-19 08:05:00	HK2-Log	Kleiner Saal Einschaltpunkt noch nicht erreicht
2025-11-19 08:05:00	HK2-Log	Ende Schaltskriptlauf
2025-11-19 08:10:00	HK1-Log	Beginn ChurchTools-Skriptlauf
2025-11-19 08:10:00	HK1-Log	Raum 2: 14:00:00 / 16:00:00 Heizen/Schalten: 1
2025-11-19 08:10:00	HK1-Log	Schaltliste unverändert
2025-11-19 08:10:00	HK1-Log	Ende ChurchTools-Skriptlauf
2025-11-19 08:10:00	HK2-Log	Beginn Schaltskriptlauf
2025-11-19 08:10:00	HK2-Log	Vollständige Raumliste: HKG-Raum-GrSaal+HKG-Raum-Foyer+HKG-Raum-WCs,HKG-Raum-KlSaal+HKG-Raum-Foyer+HKG-Raum-WCs,HKG-Raum-Küche,HKG-Raum-JuHu+HKG-Raum-VorraumKüche+HKG-Raum-Dreiecksraum,HKG-Raum-KiGo
2025-11-19 08:10:00	HK2-Log	Schaltlisteneintrag 2 Heizen: 14:00:00 / 16:00:00  R-Temp 0
2025-11-19 08:10:00	HK2-Log	Kleiner Saal Raumliste: HKG-Raum-KlSaal+HKG-Raum-Foyer+HKG-Raum-WCs
2025-11-19 08:10:00	HK2-Log	Kleiner Saal Raumvariable: HKG-Raum-KlSaal=0,H,IP,20,0,30,Heizgruppe: Kleiner Saal:1
2025-11-19 08:10:00	HK2-Log	Kleiner Saal berechne Zeiten mit Raum-Zeitversatz 14:00:00 / 15:30:00
2025-11-19 08:10:00	HK2-Log	Kleiner Saal berechne Startpunkt mit Temp-Zeitversatz 13:10:00 Parameter: IP
2025-11-19 08:10:00	HK2-Log	Kleiner Saal Gruppe HKG-Raum-KlSaal ist ausgeschaltet
2025-11-19 08:10:00	HK2-Log	Kleiner Saal Einschaltpunkt noch nicht erreicht
2025-11-19 08:10:00	HK2-Log	Kleiner Saal Raumvariable: HKG-Raum-Foyer=0,H,IP,20,0,30,Heizgruppe: Foyer:1
2025-11-19 08:10:00	HK2-Log	Kleiner Saal berechne Zeiten mit Raum-Zeitversatz 14:00:00 / 15:30:00
2025-11-19 08:10:00	HK2-Log	Kleiner Saal berechne Startpunkt mit Temp-Zeitversatz 13:10:00 Parameter: IP
2025-11-19 08:10:00	HK2-Log	Kleiner Saal Gruppe HKG-Raum-Foyer ist ausgeschaltet
2025-11-19 08:10:00	HK2-Log	Kleiner Saal Einschaltpunkt noch nicht erreicht
2025-11-19 08:10:00	HK2-Log	Kleiner Saal Raumvariable: HKG-Raum-WCs=0,H,IP,18,0,30,Heizgruppe: WCs:1
2025-11-19 08:10:00	HK2-Log	Kleiner Saal berechne Zeiten mit Raum-Zeitversatz 14:00:00 / 15:30:00
2025-11-19 08:10:00	HK2-Log	Kleiner Saal berechne Startpunkt mit Temp-Zeitversatz 13:10:00 Parameter: IP
2025-11-19 08:10:00	HK2-Log	Kleiner Saal Gruppe HKG-Raum-WCs ist ausgeschaltet
2025-11-19 08:10:00	HK2-Log	Kleiner Saal Einschaltpunkt noch nicht erreicht
2025-11-19 08:10:00	HK2-Log	Ende Schaltskriptlauf
2025-11-19 08:15:00	HK1-Log	Beginn ChurchTools-Skriptlauf
2025-11-19 08:15:00	HK1-Log	Raum 2: 14:00:00 / 16:00:00 Heizen/Schalten: 1
2025-11-19 08:15:00	HK1-Log	Schaltliste unverändert
2025-11-19 08:15:00	HK1-Log	Ende ChurchTools-Skriptlauf
2025-11-19 08:15:00	HK2-Log	Beginn Schaltskriptlauf
2025-11-19 08:15:00	HK2-Log	Vollständige Raumliste: HKG-Raum-GrSaal+HKG-Raum-Foyer+HKG-Raum-WCs,HKG-Raum-KlSaal+HKG-Raum-Foyer+HKG-Raum-WCs,HKG-Raum-Küche,HKG-Raum-JuHu+HKG-Raum-VorraumKüche+HKG-Raum-Dreiecksraum,HKG-Raum-KiGo
2025-11-19 08:15:00	HK2-Log	Schaltlisteneintrag 2 Heizen: 14:00:00 / 16:00:00  R-Temp 0
2025-11-19 08:15:00	HK2-Log	Kleiner Saal Raumliste: HKG-Raum-KlSaal+HKG-Raum-Foyer+HKG-Raum-WCs
2025-11-19 08:15:00	HK2-Log	Kleiner Saal Raumvariable: HKG-Raum-KlSaal=0,H,IP,20,0,30,Heizgruppe: Kleiner Saal:1
2025-11-19 08:15:00	HK2-Log	Kleiner Saal berechne Zeiten mit Raum-Zeitversatz 14:00:00 / 15:30:00
2025-11-19 08:15:00	HK2-Log	Kleiner Saal berechne Startpunkt mit Temp-Zeitversatz 13:10:00 Parameter: IP
2025-11-19 08:15:00	HK2-Log	Kleiner Saal Gruppe HKG-Raum-KlSaal ist ausgeschaltet
2025-11-19 08:15:00	HK2-Log	Kleiner Saal Einschaltpunkt noch nicht erreicht
2025-11-19 08:15:00	HK2-Log	Kleiner Saal Raumvariable: HKG-Raum-Foyer=0,H,IP,20,0,30,Heizgruppe: Foyer:1
2025-11-19 08:15:00	HK2-Log	Kleiner Saal berechne Zeiten mit Raum-Zeitversatz 14:00:00 / 15:30:00
2025-11-19 08:15:00	HK2-Log	Kleiner Saal berechne Startpunkt mit Temp-Zeitversatz 13:10:00 Parameter: IP
2025-11-19 08:15:00	HK2-Log	Kleiner Saal Gruppe HKG-Raum-Foyer ist ausgeschaltet
2025-11-19 08:15:00	HK2-Log	Kleiner Saal Einschaltpunkt noch nicht erreicht
2025-11-19 08:15:00	HK2-Log	Kleiner Saal Raumvariable: HKG-Raum-WCs=0,H,IP,18,0,30,Heizgruppe: WCs:1
2025-11-19 08:15:00	HK2-Log	Kleiner Saal berechne Zeiten mit Raum-Zeitversatz 14:00:00 / 15:30:00
2025-11-19 08:15:00	HK2-Log	Kleiner Saal berechne Startpunkt mit Temp-Zeitversatz 13:10:00 Parameter: IP
2025-11-19 08:15:00	HK2-Log	Kleiner Saal Gruppe HKG-Raum-WCs ist ausgeschaltet
2025-11-19 08:15:00	HK2-Log	Kleiner Saal Einschaltpunkt noch nicht erreicht
2025-11-19 08:15:00	HK2-Log	Ende Schaltskriptlauf
2025-11-19 08:20:00	HK1-Log	Beginn ChurchTools-Skriptlauf
2025-11-19 08:20:00	HK1-Log	Raum 2: 14:00:00 / 16:00:00 Heizen/Schalten: 1
2025-11-19 08:20:00	HK1-Log	Schaltliste unverändert
2025-11-19 08:20:00	HK1-Log	Ende ChurchTools-Skriptlauf
2025-11-19 08:20:00	HK2-Log	Beginn Schaltskriptlauf
2025-11-19 08:20:00	HK2-Log	Vollständige Raumliste: HKG-Raum-GrSaal+HKG-Raum-Foyer+HKG-Raum-WCs,HKG-Raum-KlSaal+HKG-Raum-Foyer+HKG-Raum-WCs,HKG-Raum-Küche,HKG-Raum-JuHu+HKG-Raum-VorraumKüche+HKG-Raum-Dreiecksraum,HKG-Raum-KiGo
2025-11-19 08:20:00	HK2-Log	Schaltlisteneintrag 2 Heizen: 14:00:00 / 16:00:00  R-Temp 0
2025-11-19 08:20:00	HK2-Log	Kleiner Saal Raumliste: HKG-Raum-KlSaal+HKG-Raum-Foyer+HKG-Raum-WCs
2025-11-19 08:20:00	HK2-Log	Kleiner Saal Raumvariable: HKG-Raum-KlSaal=0,H,IP,20,0,30,Heizgruppe: Kleiner Saal:1
2025-11-19 08:20:00	HK2-Log	Kleiner Saal berechne Zeiten mit Raum-Zeitversatz 14:00:00 / 15:30:00
2025-11-19 08:20:00	HK2-Log	Kleiner Saal berechne Startpunkt mit Temp-Zeitversatz 13:10:00 Parameter: IP
2025-11-19 08:20:00	HK2-Log	Kleiner Saal Gruppe HKG-Raum-KlSaal ist ausgeschaltet
2025-11-19 08:20:00	HK2-Log	Kleiner Saal Einschaltpunkt noch nicht erreicht
2025-11-19 08:20:00	HK2-Log	Kleiner Saal Raumvariable: HKG-Raum-Foyer=0,H,IP,20,0,30,Heizgruppe: Foyer:1
2025-11-19 08:20:00	HK2-Log	Kleiner Saal berechne Zeiten mit Raum-Zeitversatz 14:00:00 / 15:30:00
2025-11-19 08:20:00	HK2-Log	Kleiner Saal berechne Startpunkt mit Temp-Zeitversatz 13:10:00 Parameter: IP
2025-11-19 08:20:00	HK2-Log	Kleiner Saal Gruppe HKG-Raum-Foyer ist ausgeschaltet
2025-11-19 08:20:00	HK2-Log	Kleiner Saal Einschaltpunkt noch nicht erreicht
2025-11-19 08:20:00	HK2-Log	Kleiner Saal Raumvariable: HKG-Raum-WCs=0,H,IP,18,0,30,Heizgruppe: WCs:1
2025-11-19 08:20:00	HK2-Log	Kleiner Saal berechne Zeiten mit Raum-Zeitversatz 14:00:00 / 15:30:00
2025-11-19 08:20:00	HK2-Log	Kleiner Saal berechne Startpunkt mit Temp-Zeitversatz 13:10:00 Parameter: IP
2025-11-19 08:20:00	HK2-Log	Kleiner Saal Gruppe HKG-Raum-WCs ist ausgeschaltet
2025-11-19 08:20:00	HK2-Log	Kleiner Saal Einschaltpunkt noch nicht erreicht
2025-11-19 08:20:00	HK2-Log	Ende Schaltskriptlauf
2025-11-19 08:25:00	HK1-Log	Beginn ChurchTools-Skriptlauf
2025-11-19 08:25:00	HK1-Log	Raum 2: 14:00:00 / 16:00:00 Heizen/Schalten: 1
2025-11-19 08:25:00	HK1-Log	Schaltliste unverändert
2025-11-19 08:25:00	HK1-Log	Ende ChurchTools-Skriptlauf
2025-11-19 08:25:00	HK2-Log	Beginn Schaltskriptlauf
2025-11-19 08:25:00	HK2-Log	Vollständige Raumliste: HKG-Raum-GrSaal+HKG-Raum-Foyer+HKG-Raum-WCs,HKG-Raum-KlSaal+HKG-Raum-Foyer+HKG-Raum-WCs,HKG-Raum-Küche,HKG-Raum-JuHu+HKG-Raum-VorraumKüche+HKG-Raum-Dreiecksraum,HKG-Raum-KiGo
2025-11-19 08:25:00	HK2-Log	Schaltlisteneintrag 2 Heizen: 14:00:00 / 16:00:00  R-Temp 0
2025-11-19 08:25:00	HK2-Log	Kleiner Saal Raumliste: HKG-Raum-KlSaal+HKG-Raum-Foyer+HKG-Raum-WCs
2025-11-19 08:25:00	HK2-Log	Kleiner Saal Raumvariable: HKG-Raum-KlSaal=0,H,IP,20,0,30,Heizgruppe: Kleiner Saal:1
2025-11-19 08:25:00	HK2-Log	Kleiner Saal berechne Zeiten mit Raum-Zeitversatz 14:00:00 / 15:30:00
2025-11-19 08:25:00	HK2-Log	Kleiner Saal berechne Startpunkt mit Temp-Zeitversatz 13:10:00 Parameter: IP
2025-11-19 08:25:00	HK2-Log	Kleiner Saal Gruppe HKG-Raum-KlSaal ist ausgeschaltet
2025-11-19 08:25:00	HK2-Log	Kleiner Saal Einschaltpunkt noch nicht erreicht
2025-11-19 08:25:00	HK2-Log	Kleiner Saal Raumvariable: HKG-Raum-Foyer=0,H,IP,20,0,30,Heizgruppe: Foyer:1
2025-11-19 08:25:00	HK2-Log	Kleiner Saal berechne Zeiten mit Raum-Zeitversatz 14:00:00 / 15:30:00
2025-11-19 08:25:00	HK2-Log	Kleiner Saal berechne Startpunkt mit Temp-Zeitversatz 13:10:00 Parameter: IP
2025-11-19 08:25:00	HK2-Log	Kleiner Saal Gruppe HKG-Raum-Foyer ist ausgeschaltet
2025-11-19 08:25:00	HK2-Log	Kleiner Saal Einschaltpunkt noch nicht erreicht
2025-11-19 08:25:00	HK2-Log	Kleiner Saal Raumvariable: HKG-Raum-WCs=0,H,IP,18,0,30,Heizgruppe: WCs:1
2025-11-19 08:25:00	HK2-Log	Kleiner Saal berechne Zeiten mit Raum-Zeitversatz 14:00:00 / 15:30:00
2025-11-19 08:25:00	HK2-Log	Kleiner Saal berechne Startpunkt mit Temp-Zeitversatz 13:10:00 Parameter: IP
2025-11-19 08:25:00	HK2-Log	Kleiner Saal Gruppe HKG-Raum-WCs ist ausgeschaltet
2025-11-19 08:25:00	HK2-Log	Kleiner Saal Einschaltpunkt noch nicht erreicht
2025-11-19 08:25:00	HK2-Log	Ende Schaltskriptlauf
2025-11-19 08:30:00	HK1-Log	Beginn ChurchTools-Skriptlauf
2025-11-19 08:30:00	HK1-Log	Raum 2: 14:00:00 / 16:00:00 Heizen/Schalten: 1
2025-11-19 08:30:00	HK1-Log	Schaltliste unverändert
2025-11-19 08:30:00	HK1-Log	Ende ChurchTools-Skriptlauf
2025-11-19 08:30:00	HK2-Log	Beginn Schaltskriptlauf
2025-11-19 08:30:00	HK2-Log	Vollständige Raumliste: HKG-Raum-GrSaal+HKG-Raum-Foyer+HKG-Raum-WCs,HKG-Raum-KlSaal+HKG-Raum-Foyer+HKG-Raum-WCs,HKG-Raum-Küche,HKG-Raum-JuHu+HKG-Raum-VorraumKüche+HKG-Raum-Dreiecksraum,HKG-Raum-KiGo
2025-11-19 08:30:00	HK2-Log	Schaltlisteneintrag 2 Heizen: 14:00:00 / 16:00:00  R-Temp 0
2025-11-19 08:30:00	HK2-Log	Kleiner Saal Raumliste: HKG-Raum-KlSaal+HKG-Raum-Foyer+HKG-Raum-WCs
2025-11-19 08:30:00	HK2-Log	Kleiner Saal Raumvariable: HKG-Raum-KlSaal=0,H,IP,20,0,30,Heizgruppe: Kleiner Saal:1
2025-11-19 08:30:00	HK2-Log	Kleiner Saal berechne Zeiten mit Raum-Zeitversatz 14:00:00 / 15:30:00
2025-11-19 08:30:00	HK2-Log	Kleiner Saal berechne Startpunkt mit Temp-Zeitversatz 13:10:00 Parameter: IP
2025-11-19 08:30:00	HK2-Log	Kleiner Saal Gruppe HKG-Raum-KlSaal ist ausgeschaltet
2025-11-19 08:30:00	HK2-Log	Kleiner Saal Einschaltpunkt noch nicht erreicht
2025-11-19 08:30:00	HK2-Log	Kleiner Saal Raumvariable: HKG-Raum-Foyer=0,H,IP,20,0,30,Heizgruppe: Foyer:1
2025-11-19 08:30:00	HK2-Log	Kleiner Saal berechne Zeiten mit Raum-Zeitversatz 14:00:00 / 15:30:00
2025-11-19 08:30:00	HK2-Log	Kleiner Saal berechne Startpunkt mit Temp-Zeitversatz 13:10:00 Parameter: IP
2025-11-19 08:30:00	HK2-Log	Kleiner Saal Gruppe HKG-Raum-Foyer ist ausgeschaltet
2025-11-19 08:30:00	HK2-Log	Kleiner Saal Einschaltpunkt noch nicht erreicht
2025-11-19 08:30:00	HK2-Log	Kleiner Saal Raumvariable: HKG-Raum-WCs=0,H,IP,18,0,30,Heizgruppe: WCs:1
2025-11-19 08:30:00	HK2-Log	Kleiner Saal berechne Zeiten mit Raum-Zeitversatz 14:00:00 / 15:30:00
2025-11-19 08:30:00	HK2-Log	Kleiner Saal berechne Startpunkt mit Temp-Zeitversatz 13:10:00 Parameter: IP
2025-11-19 08:30:00	HK2-Log	Kleiner Saal Gruppe HKG-Raum-WCs ist ausgeschaltet
2025-11-19 08:30:00	HK2-Log	Kleiner Saal Einschaltpunkt noch nicht erreicht
2025-11-19 08:30:00	HK2-Log	Ende Schaltskriptlauf
2025-11-19 08:35:00	HK1-Log	Beginn ChurchTools-Skriptlauf
2025-11-19 08:35:00	HK1-Log	Raum 2: 14:00:00 / 16:00:00 Heizen/Schalten: 1
2025-11-19 08:35:00	HK1-Log	Schaltliste unverändert
2025-11-19 08:35:00	HK1-Log	Ende ChurchTools-Skriptlauf
2025-11-19 08:35:00	HK2-Log	Beginn Schaltskriptlauf
2025-11-19 08:35:00	HK2-Log	Vollständige Raumliste: HKG-Raum-GrSaal+HKG-Raum-Foyer+HKG-Raum-WCs,HKG-Raum-KlSaal+HKG-Raum-Foyer+HKG-Raum-WCs,HKG-Raum-Küche,HKG-Raum-JuHu+HKG-Raum-VorraumKüche+HKG-Raum-Dreiecksraum,HKG-Raum-KiGo
2025-11-19 08:35:00	HK2-Log	Schaltlisteneintrag 2 Heizen: 14:00:00 / 16:00:00  R-Temp 0
2025-11-19 08:35:00	HK2-Log	Kleiner Saal Raumliste: HKG-Raum-KlSaal+HKG-Raum-Foyer+HKG-Raum-WCs
2025-11-19 08:35:00	HK2-Log	Kleiner Saal Raumvariable: HKG-Raum-KlSaal=0,H,IP,20,0,30,Heizgruppe: Kleiner Saal:1
2025-11-19 08:35:00	HK2-Log	Kleiner Saal berechne Zeiten mit Raum-Zeitversatz 14:00:00 / 15:30:00
2025-11-19 08:35:00	HK2-Log	Kleiner Saal berechne Startpunkt mit Temp-Zeitversatz 13:10:00 Parameter: IP
2025-11-19 08:35:00	HK2-Log	Kleiner Saal Gruppe HKG-Raum-KlSaal ist ausgeschaltet
2025-11-19 08:35:00	HK2-Log	Kleiner Saal Einschaltpunkt noch nicht erreicht
2025-11-19 08:35:00	HK2-Log	Kleiner Saal Raumvariable: HKG-Raum-Foyer=0,H,IP,20,0,30,Heizgruppe: Foyer:1
2025-11-19 08:35:00	HK2-Log	Kleiner Saal berechne Zeiten mit Raum-Zeitversatz 14:00:00 / 15:30:00
2025-11-19 08:35:00	HK2-Log	Kleiner Saal berechne Startpunkt mit Temp-Zeitversatz 13:10:00 Parameter: IP
2025-11-19 08:35:00	HK2-Log	Kleiner Saal Gruppe HKG-Raum-Foyer ist ausgeschaltet
2025-11-19 08:35:00	HK2-Log	Kleiner Saal Einschaltpunkt noch nicht erreicht
2025-11-19 08:35:00	HK2-Log	Kleiner Saal Raumvariable: HKG-Raum-WCs=0,H,IP,18,0,30,Heizgruppe: WCs:1
2025-11-19 08:35:00	HK2-Log	Kleiner Saal berechne Zeiten mit Raum-Zeitversatz 14:00:00 / 15:30:00
2025-11-19 08:35:00	HK2-Log	Kleiner Saal berechne Startpunkt mit Temp-Zeitversatz 13:10:00 Parameter: IP
2025-11-19 08:35:00	HK2-Log	Kleiner Saal Gruppe HKG-Raum-WCs ist ausgeschaltet
2025-11-19 08:35:00	HK2-Log	Kleiner Saal Einschaltpunkt noch nicht erreicht
2025-11-19 08:35:00	HK2-Log	Ende Schaltskriptlauf
2025-11-19 08:40:00	HK1-Log	Beginn ChurchTools-Skriptlauf
2025-11-19 08:40:00	HK1-Log	Raum 2: 14:00:00 / 16:00:00 Heizen/Schalten: 1
2025-11-19 08:40:00	HK1-Log	Schaltliste unverändert
2025-11-19 08:40:00	HK1-Log	Ende ChurchTools-Skriptlauf
2025-11-19 08:40:00	HK2-Log	Beginn Schaltskriptlauf
2025-11-19 08:40:00	HK2-Log	Vollständige Raumliste: HKG-Raum-GrSaal+HKG-Raum-Foyer+HKG-Raum-WCs,HKG-Raum-KlSaal+HKG-Raum-Foyer+HKG-Raum-WCs,HKG-Raum-Küche,HKG-Raum-JuHu+HKG-Raum-VorraumKüche+HKG-Raum-Dreiecksraum,HKG-Raum-KiGo
2025-11-19 08:40:00	HK2-Log	Schaltlisteneintrag 2 Heizen: 14:00:00 / 16:00:00  R-Temp 0
2025-11-19 08:40:00	HK2-Log	Kleiner Saal Raumliste: HKG-Raum-KlSaal+HKG-Raum-Foyer+HKG-Raum-WCs
2025-11-19 08:40:00	HK2-Log	Kleiner Saal Raumvariable: HKG-Raum-KlSaal=0,H,IP,20,0,30,Heizgruppe: Kleiner Saal:1
2025-11-19 08:40:00	HK2-Log	Kleiner Saal berechne Zeiten mit Raum-Zeitversatz 14:00:00 / 15:30:00
2025-11-19 08:40:00	HK2-Log	Kleiner Saal berechne Startpunkt mit Temp-Zeitversatz 13:10:00 Parameter: IP
2025-11-19 08:40:00	HK2-Log	Kleiner Saal Gruppe HKG-Raum-KlSaal ist ausgeschaltet
2025-11-19 08:40:00	HK2-Log	Kleiner Saal Einschaltpunkt noch nicht erreicht
2025-11-19 08:40:00	HK2-Log	Kleiner Saal Raumvariable: HKG-Raum-Foyer=0,H,IP,20,0,30,Heizgruppe: Foyer:1
2025-11-19 08:40:00	HK2-Log	Kleiner Saal berechne Zeiten mit Raum-Zeitversatz 14:00:00 / 15:30:00
2025-11-19 08:40:00	HK2-Log	Kleiner Saal berechne Startpunkt mit Temp-Zeitversatz 13:10:00 Parameter: IP
2025-11-19 08:40:00	HK2-Log	Kleiner Saal Gruppe HKG-Raum-Foyer ist ausgeschaltet
2025-11-19 08:40:00	HK2-Log	Kleiner Saal Einschaltpunkt noch nicht erreicht
2025-11-19 08:40:00	HK2-Log	Kleiner Saal Raumvariable: HKG-Raum-WCs=0,H,IP,18,0,30,Heizgruppe: WCs:1
2025-11-19 08:40:00	HK2-Log	Kleiner Saal berechne Zeiten mit Raum-Zeitversatz 14:00:00 / 15:30:00
2025-11-19 08:40:00	HK2-Log	Kleiner Saal berechne Startpunkt mit Temp-Zeitversatz 13:10:00 Parameter: IP
2025-11-19 08:40:00	HK2-Log	Kleiner Saal Gruppe HKG-Raum-WCs ist ausgeschaltet
2025-11-19 08:40:00	HK2-Log	Kleiner Saal Einschaltpunkt noch nicht erreicht
2025-11-19 08:40:00	HK2-Log	Ende Schaltskriptlauf
2025-11-19 08:45:00	HK1-Log	Beginn ChurchTools-Skriptlauf
2025-11-19 08:45:00	HK1-Log	Raum 2: 14:00:00 / 16:00:00 Heizen/Schalten: 1
2025-11-19 08:45:00	HK1-Log	Schaltliste unverändert
2025-11-19 08:45:00	HK1-Log	Ende ChurchTools-Skriptlauf
2025-11-19 08:45:00	HK2-Log	Beginn Schaltskriptlauf
2025-11-19 08:45:00	HK2-Log	Vollständige Raumliste: HKG-Raum-GrSaal+HKG-Raum-Foyer+HKG-Raum-WCs,HKG-Raum-KlSaal+HKG-Raum-Foyer+HKG-Raum-WCs,HKG-Raum-Küche,HKG-Raum-JuHu+HKG-Raum-VorraumKüche+HKG-Raum-Dreiecksraum,HKG-Raum-KiGo
2025-11-19 08:45:00	HK2-Log	Schaltlisteneintrag 2 Heizen: 14:00:00 / 16:00:00  R-Temp 0
2025-11-19 08:45:00	HK2-Log	Kleiner Saal Raumliste: HKG-Raum-KlSaal+HKG-Raum-Foyer+HKG-Raum-WCs
2025-11-19 08:45:00	HK2-Log	Kleiner Saal Raumvariable: HKG-Raum-KlSaal=0,H,IP,20,0,30,Heizgruppe: Kleiner Saal:1
2025-11-19 08:45:00	HK2-Log	Kleiner Saal berechne Zeiten mit Raum-Zeitversatz 14:00:00 / 15:30:00
2025-11-19 08:45:00	HK2-Log	Kleiner Saal berechne Startpunkt mit Temp-Zeitversatz 13:10:00 Parameter: IP
2025-11-19 08:45:00	HK2-Log	Kleiner Saal Gruppe HKG-Raum-KlSaal ist ausgeschaltet
2025-11-19 08:45:00	HK2-Log	Kleiner Saal Einschaltpunkt noch nicht erreicht
2025-11-19 08:45:00	HK2-Log	Kleiner Saal Raumvariable: HKG-Raum-Foyer=0,H,IP,20,0,30,Heizgruppe: Foyer:1
2025-11-19 08:45:00	HK2-Log	Kleiner Saal berechne Zeiten mit Raum-Zeitversatz 14:00:00 / 15:30:00
2025-11-19 08:45:00	HK2-Log	Kleiner Saal berechne Startpunkt mit Temp-Zeitversatz 13:10:00 Parameter: IP
2025-11-19 08:45:00	HK2-Log	Kleiner Saal Gruppe HKG-Raum-Foyer ist ausgeschaltet
2025-11-19 08:45:00	HK2-Log	Kleiner Saal Einschaltpunkt noch nicht erreicht
2025-11-19 08:45:00	HK2-Log	Kleiner Saal Raumvariable: HKG-Raum-WCs=0,H,IP,18,0,30,Heizgruppe: WCs:1
2025-11-19 08:45:00	HK2-Log	Kleiner Saal berechne Zeiten mit Raum-Zeitversatz 14:00:00 / 15:30:00
2025-11-19 08:45:00	HK2-Log	Kleiner Saal berechne Startpunkt mit Temp-Zeitversatz 13:10:00 Parameter: IP
2025-11-19 08:45:00	HK2-Log	Kleiner Saal Gruppe HKG-Raum-WCs ist ausgeschaltet
2025-11-19 08:45:00	HK2-Log	Kleiner Saal Einschaltpunkt noch nicht erreicht
2025-11-19 08:45:00	HK2-Log	Ende Schaltskriptlauf
2025-11-19 08:50:00	HK1-Log	Beginn ChurchTools-Skriptlauf
2025-11-19 08:50:00	HK1-Log	Raum 2: 14:00:00 / 16:00:00 Heizen/Schalten: 1
2025-11-19 08:50:00	HK1-Log	Schaltliste unverändert
2025-11-19 08:50:00	HK1-Log	Ende ChurchTools-Skriptlauf
2025-11-19 08:50:00	HK2-Log	Beginn Schaltskriptlauf
2025-11-19 08:50:00	HK2-Log	Vollständige Raumliste: HKG-Raum-GrSaal+HKG-Raum-Foyer+HKG-Raum-WCs,HKG-Raum-KlSaal+HKG-Raum-Foyer+HKG-Raum-WCs,HKG-Raum-Küche,HKG-Raum-JuHu+HKG-Raum-VorraumKüche+HKG-Raum-Dreiecksraum,HKG-Raum-KiGo
2025-11-19 08:50:00	HK2-Log	Schaltlisteneintrag 2 Heizen: 14:00:00 / 16:00:00  R-Temp 0
2025-11-19 08:50:00	HK2-Log	Kleiner Saal Raumliste: HKG-Raum-KlSaal+HKG-Raum-Foyer+HKG-Raum-WCs
2025-11-19 08:50:00	HK2-Log	Kleiner Saal Raumvariable: HKG-Raum-KlSaal=0,H,IP,20,0,30,Heizgruppe: Kleiner Saal:1
2025-11-19 08:50:00	HK2-Log	Kleiner Saal berechne Zeiten mit Raum-Zeitversatz 14:00:00 / 15:30:00
2025-11-19 08:50:00	HK2-Log	Kleiner Saal berechne Startpunkt mit Temp-Zeitversatz 13:10:00 Parameter: IP
2025-11-19 08:50:00	HK2-Log	Kleiner Saal Gruppe HKG-Raum-KlSaal ist ausgeschaltet
2025-11-19 08:50:00	HK2-Log	Kleiner Saal Einschaltpunkt noch nicht erreicht
2025-11-19 08:50:00	HK2-Log	Kleiner Saal Raumvariable: HKG-Raum-Foyer=0,H,IP,20,0,30,Heizgruppe: Foyer:1
2025-11-19 08:50:00	HK2-Log	Kleiner Saal berechne Zeiten mit Raum-Zeitversatz 14:00:00 / 15:30:00
2025-11-19 08:50:00	HK2-Log	Kleiner Saal berechne Startpunkt mit Temp-Zeitversatz 13:10:00 Parameter: IP
2025-11-19 08:50:00	HK2-Log	Kleiner Saal Gruppe HKG-Raum-Foyer ist ausgeschaltet
2025-11-19 08:50:00	HK2-Log	Kleiner Saal Einschaltpunkt noch nicht erreicht
2025-11-19 08:50:00	HK2-Log	Kleiner Saal Raumvariable: HKG-Raum-WCs=0,H,IP,18,0,30,Heizgruppe: WCs:1
2025-11-19 08:50:00	HK2-Log	Kleiner Saal berechne Zeiten mit Raum-Zeitversatz 14:00:00 / 15:30:00
2025-11-19 08:50:00	HK2-Log	Kleiner Saal berechne Startpunkt mit Temp-Zeitversatz 13:10:00 Parameter: IP
2025-11-19 08:50:00	HK2-Log	Kleiner Saal Gruppe HKG-Raum-WCs ist ausgeschaltet
2025-11-19 08:50:00	HK2-Log	Kleiner Saal Einschaltpunkt noch nicht erreicht
2025-11-19 08:50:00	HK2-Log	Ende Schaltskriptlauf
2025-11-19 08:55:00	HK1-Log	Beginn ChurchTools-Skriptlauf
2025-11-19 08:55:00	HK1-Log	Raum 2: 14:00:00 / 16:00:00 Heizen/Schalten: 1
2025-11-19 08:55:00	HK1-Log	Schaltliste unverändert
2025-11-19 08:55:00	HK1-Log	Ende ChurchTools-Skriptlauf
2025-11-19 08:55:00	HK2-Log	Beginn Schaltskriptlauf
2025-11-19 08:55:00	HK2-Log	Vollständige Raumliste: HKG-Raum-GrSaal+HKG-Raum-Foyer+HKG-Raum-WCs,HKG-Raum-KlSaal+HKG-Raum-Foyer+HKG-Raum-WCs,HKG-Raum-Küche,HKG-Raum-JuHu+HKG-Raum-VorraumKüche+HKG-Raum-Dreiecksraum,HKG-Raum-KiGo
2025-11-19 08:55:00	HK2-Log	Schaltlisteneintrag 2 Heizen: 14:00:00 / 16:00:00  R-Temp 0
2025-11-19 08:55:00	HK2-Log	Kleiner Saal Raumliste: HKG-Raum-KlSaal+HKG-Raum-Foyer+HKG-Raum-WCs
2025-11-19 08:55:00	HK2-Log	Kleiner Saal Raumvariable: HKG-Raum-KlSaal=0,H,IP,20,0,30,Heizgruppe: Kleiner Saal:1
2025-11-19 08:55:00	HK2-Log	Kleiner Saal berechne Zeiten mit Raum-Zeitversatz 14:00:00 / 15:30:00
2025-11-19 08:55:00	HK2-Log	Kleiner Saal berechne Startpunkt mit Temp-Zeitversatz 13:10:00 Parameter: IP
2025-11-19 08:55:00	HK2-Log	Kleiner Saal Gruppe HKG-Raum-KlSaal ist ausgeschaltet
2025-11-19 08:55:00	HK2-Log	Kleiner Saal Einschaltpunkt noch nicht erreicht
2025-11-19 08:55:00	HK2-Log	Kleiner Saal Raumvariable: HKG-Raum-Foyer=0,H,IP,20,0,30,Heizgruppe: Foyer:1
2025-11-19 08:55:00	HK2-Log	Kleiner Saal berechne Zeiten mit Raum-Zeitversatz 14:00:00 / 15:30:00
2025-11-19 08:55:00	HK2-Log	Kleiner Saal berechne Startpunkt mit Temp-Zeitversatz 13:10:00 Parameter: IP
2025-11-19 08:55:00	HK2-Log	Kleiner Saal Gruppe HKG-Raum-Foyer ist ausgeschaltet
2025-11-19 08:55:00	HK2-Log	Kleiner Saal Einschaltpunkt noch nicht erreicht
2025-11-19 08:55:00	HK2-Log	Kleiner Saal Raumvariable: HKG-Raum-WCs=0,H,IP,18,0,30,Heizgruppe: WCs:1
2025-11-19 08:55:00	HK2-Log	Kleiner Saal berechne Zeiten mit Raum-Zeitversatz 14:00:00 / 15:30:00
2025-11-19 08:55:00	HK2-Log	Kleiner Saal berechne Startpunkt mit Temp-Zeitversatz 13:10:00 Parameter: IP
2025-11-19 08:55:00	HK2-Log	Kleiner Saal Gruppe HKG-Raum-WCs ist ausgeschaltet
2025-11-19 08:55:00	HK2-Log	Kleiner Saal Einschaltpunkt noch nicht erreicht
2025-11-19 08:55:00	HK2-Log	Ende Schaltskriptlauf
